Name,2013-2014 salary,log salary,GP,MPG,PTS,FG%,3P%,FT%,ORPG,DRPG,RPG,RP40,APG,AP48M,BLKPG,BLKP48M,STPG,STP48M,TOPG,TOP48M,PFPG,PFP48M,AST/TO,BLK/PF,ST/TO,ST/TF
A.J. Price,884293,19.75416494,57,22.4,7.7,0.39,0.35,0.79,0.5,1.5,2,7.8,0.8,3.1,0.12,0.48,0.47,1.83,0.82,3.2,0.8,3,0.97,0.16,0.57,0.61
Aaron Brooks,884293,19.75416494,53,18.8,7.1,0.453,0.373,0.769,0.4,1.6,2,4.3,3.6,7.7,0.05,0.11,0.58,1.24,1.12,2.4,1.3,2.7,3.2,0.04,0.52,0.45
Aaron Gray,2690875,21.35964394,42,12.2,2.8,0.533,0,0.523,0.2,1.3,1.5,3.9,2.2,5.5,0.19,0.48,0.57,1.45,1.26,3.2,1.8,4.5,1.7,0.11,0.45,0.32
Al Harrington,884293,19.75416494,10,11.9,5.1,0.351,0.267,0.75,1.1,2,3.2,12.4,0.8,3.1,0.12,0.47,0.17,0.66,0.86,3.4,2,7.9,0.92,0.06,0.19,0.08
Al Horford,12000000,23.51653107,74,37.3,17.4,0.543,0.5,0.644,0.6,2.1,2.7,10.9,1,4,0.1,0.4,0.4,1.62,0.7,2.8,1.8,7.3,1.43,0.06,0.57,0.22
Al Jefferson,13500000,23.68645607,78,33.1,17.8,0.494,0.118,0.77,2.6,7.6,10.2,13.2,3.2,4.2,1.05,1.36,1.05,1.36,1.99,2.6,2.2,2.8,1.63,0.48,0.53,0.48
Alan Anderson,947907,19.854386,65,23,10.7,0.383,0.333,0.857,2,7.2,9.2,13.4,2.1,3.1,1.14,1.66,1.03,1.49,1.35,2,2.2,3.2,1.56,0.52,0.76,0.47
Alec Burks,2202000,21.07038304,64,17.8,7,0.42,0.359,0.713,0.5,1.8,2.3,4.8,1.6,3.3,0.11,0.23,0.74,1.54,1.23,2.6,2,4.2,1.29,0.05,0.6,0.37
Alexey Shved,3150000,21.5869204,77,23.9,8.6,0.372,0.295,0.72,0.5,1.7,2.3,4.6,3.7,7.5,0.35,0.71,0.7,1.41,1.91,3.8,1.5,3.1,1.95,0.23,0.37,0.46
Al-Farouq Aminu,3700000,21.81909384,76,27.2,7.3,0.475,0.211,0.737,0.6,1.7,2.3,6.1,1.4,3.9,0.2,0.55,0.55,1.48,1.16,3.1,1.8,4.8,1.24,0.11,0.47,0.31
Alonzo Gee,3250000,21.63200829,82,31,10.3,0.41,0.315,0.795,1.8,5.9,7.7,13.6,1.4,2.4,0.67,1.19,1.21,2.14,1.53,2.7,2,3.6,0.89,0.33,0.79,0.6
Amar'e Stoudemire,21679893,24.3698543,29,23.5,14.2,0.577,0,0.808,0.9,3,3.9,6,1.6,2.5,0.35,0.55,1.31,2.02,1.61,2.5,2.4,3.8,1.01,0.15,0.81,0.54
Amir Johnson,6500000,22.63200829,81,28.7,10,0.554,0.385,0.727,2.1,2.9,5,10.2,0.4,0.9,0.72,1.48,0.35,0.7,1.72,3.5,3.1,6.3,0.26,0.24,0.2,0.11
Anderson Varejao,9036364,23.10731096,25,36,14.1,0.478,0,0.755,2.8,4.7,7.5,12.6,1.5,2.5,1.36,2.27,1,1.67,1.44,2.4,3.7,6.2,1.04,0.37,0.69,0.27
Andray Blatche,1375604,20.39163379,82,19,10.3,0.512,0.136,0.685,5.5,8.9,14.4,19.2,3.4,4.5,0.56,0.75,1.48,1.97,1.76,2.3,2.7,3.6,1.91,0.21,0.84,0.54
Andre Drummond,2462400,21.23163371,60,20.7,7.9,0.608,0.5,0.371,2.8,4.8,7.6,17.7,0.5,1.2,1.58,3.67,0.98,2.28,0.95,2.2,2.4,5.6,0.53,0.66,1.04,0.41
Andre Iguodala,12868632,23.61735536,80,34.7,13,0.451,0.317,0.574,2,3.1,5.1,12.9,1,2.6,0.66,1.67,1.05,2.65,1.5,3.8,2,5,0.69,0.33,0.7,0.53
Andre Miller,5000000,22.25349666,82,26.2,9.6,0.479,0.266,0.84,1,4.3,5.3,7.3,5.4,7.5,0.65,0.9,1.74,2.4,2.58,3.6,1.6,2.2,2.1,0.41,0.68,1.09
Andrea Bargnani,11862500,23.49990475,35,28.6,12.7,0.399,0.309,0.844,0.7,2.2,2.9,5.3,5.9,10.8,0.13,0.25,0.89,1.63,2.1,3.8,1.9,3.5,2.81,0.07,0.42,0.46
Andrei Kirilenko,3183000,21.60195573,64,31.8,12.4,0.507,0.292,0.752,0.7,2.9,3.7,6.1,1.1,1.8,0.66,1.1,0.6,1.01,1.54,2.6,1.8,3.1,0.7,0.36,0.39,0.33
Andrew Bogut,14000000,23.73892349,32,24.6,5.8,0.451,1,0.5,1.6,4.1,5.7,8.5,2.8,4.2,0.97,1.46,1.5,2.27,1.86,2.8,1.3,1.9,1.49,0.76,0.81,1.17
Andrew Goudelock,884293,19.75416494,1,6.2,0,0,0,0,2.1,5.5,7.7,15,2.1,4.1,1.72,3.36,0.63,1.22,1.09,2.1,2.7,5.2,1.91,0.65,0.57,0.24
Andrew Nicholson,1482000,20.49911402,75,16.7,7.8,0.527,0,0.798,0.9,2.5,3.4,9.9,0.6,1.7,0.43,1.23,0.32,0.92,1.05,3,1.8,5.1,0.56,0.24,0.3,0.18
Andris Biedrins,9000000,23.10149357,53,9.3,0.5,0.476,0,0.308,1,0,1,7.7,0,0,0,0,0,0,0,0,0,0,0,0,0,0
Antawn Jamison,884293,19.75416494,76,21.5,9.4,0.464,0.361,0.691,0.6,2.2,2.9,14.8,0.3,1.4,0.79,4.07,0.28,1.45,0.26,1.4,1.9,9.8,1,0.42,1.07,0.15
Anthony Davis,5375760,22.3580373,64,28.8,13.5,0.516,0,0.751,2.6,5.6,8.2,13.6,1,1.6,1.75,2.91,1.17,1.95,1.39,2.3,2.5,4.1,0.71,0.71,0.84,0.48
Anthony Morrow,1027424,19.97060025,41,9.3,4,0.441,0.372,0.909,1.4,3.3,4.8,10.6,0.7,1.5,0.29,0.65,0.4,0.88,0.7,1.6,1.6,3.6,0.94,0.18,0.57,0.24
Anthony Randolph,1750000,20.73892349,39,8.4,3.7,0.491,0,0.689,0.3,0.5,0.7,3.8,0.3,1.6,0.02,0.13,0.32,1.63,0.2,1,1,5.4,1.63,0.02,1.63,0.3
Anthony Tolliver,884293,19.75416494,62,15.5,4.1,0.38,0.338,0.863,0.7,1.7,2.4,13.9,0.3,1.8,0.54,3.07,0.49,2.77,0.95,5.4,1.1,6,0.32,0.51,0.51,0.46
Arnett Moultrie,1089240,20.05489044,47,11.5,3.7,0.582,0,0.643,1.6,1.5,3.1,12.8,0.2,0.9,0.21,0.89,0.36,1.51,0.4,1.7,0.9,3.8,0.53,0.23,0.9,0.4
Aron Baynes,788872,19.58943171,16,8.8,2.7,0.5,0,0.583,0.8,1.3,2,10.9,0.3,1.7,0.38,2.04,0.06,0.34,0.69,3.7,1.4,7.8,0.46,0.26,0.09,0.04
Arron Afflalo,7750000,22.88576488,64,36,16.5,0.439,0.3,0.857,0.5,2,2.5,7.7,0.5,1.6,0.19,0.6,0.24,0.75,0.58,1.8,1.1,3.3,0.89,0.18,0.42,0.23
Austin Daye,947907,19.854386,55,12.3,4.5,0.433,0.418,0.765,0.5,3.3,3.7,5,3.2,4.3,0.17,0.23,0.63,0.83,2.16,2.9,2.1,2.9,1.49,0.08,0.29,0.29
Austin Rivers,2339040,21.1574851,61,23.2,6.2,0.372,0.326,0.546,0.3,1.5,1.8,3.7,2.1,4.3,0.15,0.31,0.43,0.88,1.21,2.5,2,4.1,1.72,0.07,0.35,0.21
Avery Bradley,2511432,21.26007878,50,28.7,9.2,0.402,0.317,0.755,0.3,1.9,2.2,8.7,0.8,3,0.4,1.56,0.26,1,0.53,2.1,1.5,5.8,1.45,0.27,0.48,0.17
Ben Gordon,13200000,23.65403459,75,20.8,11.2,0.408,0.387,0.843,0.6,1.6,2.2,3.7,2.1,3.5,0.38,0.64,1.28,2.14,1.44,2.4,2.6,4.3,1.44,0.15,0.89,0.5
Ben Hansbrough,788872,19.58943171,28,7.2,2,0.333,0.261,0.778,0.1,0.6,0.6,4.3,0.8,5,0.07,0.48,0.25,1.68,0.64,4.3,0.8,5.5,1.17,0.09,0.39,0.3
Beno Udrih,884293,19.75416494,66,22.1,8.2,0.441,0.333,0.816,0.2,1.5,1.7,4,1.9,4.3,0.21,0.49,0.47,1.08,1.81,4.2,1.8,4.1,1.04,0.12,0.26,0.26
Bernard James,788872,19.58943171,46,9.9,2.8,0.515,0,0.61,1.1,1.7,2.8,13.8,0.1,0.6,0.83,3.99,0.26,1.26,0.39,1.9,1.4,6.7,0.33,0.59,0.67,0.19
Bismack Biyombo,3049920,21.54033997,80,27.3,4.8,0.451,0,0.521,0.5,1.6,2.1,4.6,4.6,10,0.05,0.1,0.62,1.35,1.64,3.6,1.4,3,2.8,0.03,0.38,0.46
Blake Griffin,16441500,23.97083859,80,32.5,18,0.538,0.179,0.66,2.4,4.9,7.3,12.8,0.4,0.8,1.79,3.14,0.35,0.62,1.03,1.8,2.4,4.3,0.43,0.73,0.34,0.14
Boris Diaw,4702500,22.16499651,75,22.8,5.8,0.539,0.385,0.723,2.3,6,8.3,12.2,3.7,5.5,0.63,0.92,1.21,1.79,2.31,3.4,2.9,4.3,1.62,0.22,0.52,0.42
Bradley Beal,4319280,22.04235941,56,31.2,13.9,0.41,0.386,0.786,0.8,3,3.8,5.8,2.4,3.8,0.52,0.8,0.89,1.38,1.61,2.5,2,3.1,1.52,0.26,0.56,0.44
Brandan Wright,5000000,22.25349666,64,17.9,8.5,0.597,0,0.615,0.9,2.5,3.4,7.1,2.4,5.1,0.36,0.76,0.69,1.46,1.12,2.4,1.9,4,2.14,0.19,0.62,0.36
Brandon Bass,6450000,22.62086773,81,27.6,8.7,0.486,0,0.86,1.3,2.7,4.1,10.9,0.6,1.6,1.19,3.18,0.41,1.09,0.53,1.4,1.2,3.3,1.12,0.97,0.77,0.33
Brandon Jennings,7655503,22.86806574,80,36.2,17.5,0.399,0.375,0.819,1.6,3.7,5.2,9.1,1,1.8,0.79,1.37,0.54,0.94,0.99,1.7,2.3,4,1.05,0.34,0.55,0.23
Brandon Knight,2793960,21.41387994,75,31.5,13.3,0.407,0.367,0.733,0.7,2.3,3.1,4.1,6.5,8.6,0.13,0.17,1.56,2.07,2.54,3.4,1.9,2.6,2.57,0.07,0.62,0.81
Brandon Rush,4000000,21.93156857,2,12.7,7,0.667,0,0.667,0.6,2.2,2.8,5.5,4.6,9.1,0,0,0.6,1.18,1.4,2.8,1,2,3.29,0,0.43,0.6
Brendan Haywood,2050000,20.96719248,61,19.1,3.5,0.431,0,0.455,0,0.5,0.5,1.9,1,3.8,0,0,0,0,1.5,5.7,2.5,9.5,0.67,0,0,0
Brian Roberts,788872,19.58943171,78,17,7.1,0.417,0.386,0.909,0.2,1,1.2,3.5,2.8,7.9,0.04,0.11,0.47,1.34,0.91,2.6,1.4,3.9,3.09,0.03,0.52,0.34
Brook Lopez,14693906,23.80871461,74,30.5,19.4,0.521,0,0.758,2,2.7,4.8,12,0.5,1.2,0.8,2.02,0.26,0.66,0.82,2.1,2,5.2,0.58,0.39,0.32,0.13
Byron Mullens,947907,19.854386,53,26.9,10.6,0.385,0.317,0.646,2.8,4.1,6.9,10.9,0.9,1.5,2.08,3.28,0.45,0.7,1.77,2.8,2.1,3.2,0.53,1.01,0.25,0.22
Carl Landry,6500000,22.63200829,81,23.2,10.8,0.54,0.333,0.817,1.3,5,6.4,11.3,1.5,2.7,0.6,1.08,0.64,1.14,1.4,2.5,2.1,3.7,1.1,0.29,0.46,0.31
Carlos Boozer,15300000,23.86702832,79,32.2,16.2,0.477,0,0.731,2.2,3.7,6,12.4,0.8,1.7,0.38,0.79,0.43,0.9,1.42,2.9,2.3,4.9,0.57,0.16,0.3,0.18
Carlos Delfino,3250000,21.63200829,67,25.2,10.6,0.405,0.375,0.857,2.2,7.5,9.8,14.5,2.3,3.4,0.35,0.53,0.84,1.24,2.23,3.3,3,4.5,1.02,0.12,0.38,0.28
Carmelo Anthony,21388953,24.35036253,67,37,28.7,0.449,0.379,0.83,0.3,3,3.3,6.3,2,3.8,0.13,0.26,1.02,1.93,1.08,2,1.7,3.2,1.88,0.08,0.94,0.6
Caron Butler,8000000,22.93156857,78,24.1,10.4,0.424,0.388,0.833,2,4.9,6.9,8.9,2.6,3.3,0.48,0.62,0.78,1.01,2.61,3.4,3.1,4,0.98,0.16,0.3,0.25
Cartier Martin,884293,19.75416494,41,16.9,6.6,0.381,0.397,0.714,0.5,2.3,2.9,5.7,1,2,0.14,0.28,0.65,1.3,0.92,1.8,1.8,3.6,1.08,0.08,0.71,0.37
Chandler Parsons,926500,19.82143145,76,36.3,15.5,0.486,0.385,0.729,0.3,2.2,2.4,6.9,0.5,1.4,0.15,0.42,0.46,1.31,0.78,2.2,1.4,4,0.63,0.1,0.59,0.33
Charles Hayes,6400000,22.60964047,74,16.3,2.7,0.442,0,0.625,1,4.3,5.3,7,3.5,4.7,0.42,0.56,0.99,1.31,1.93,2.6,1.9,2.6,1.83,0.22,0.51,0.51
Charles Jenkins,884293,19.75416494,59,7.5,1.9,0.405,0.5,0.545,1.5,2.5,4,11.9,1.5,4.4,0.24,0.72,0.42,1.23,0.6,1.7,1.5,4.5,2.55,0.16,0.71,0.27
Charlie Villanueva  ,8580000,23.03254622,69,15.8,6.8,0.377,0.347,0.551,0.1,0.4,0.5,3.5,0.7,4.8,0.03,0.22,0.25,1.63,0.36,2.3,0.4,2.4,2.1,0.09,0.71,0.68
Chase Budinger ,5000000,22.25349666,23,22.1,9.4,0.414,0.321,0.762,0.7,2.8,3.5,10.6,0.8,2.4,0.57,1.71,0.45,1.36,0.57,1.7,1.4,4.2,1.39,0.41,0.8,0.32
Chauncey Billups ,2500000,21.25349666,22,19,8.4,0.402,0.367,0.938,0.7,2.4,3.1,6.7,1.1,2.4,0.3,0.66,0.61,1.32,1,2.2,1.3,2.7,1.09,0.24,0.61,0.48
Chris Andersen ,1399507,20.41648727,42,14.9,4.9,0.577,0.667,0.677,0.1,1.4,1.5,3.7,2.2,5.6,0.05,0.12,0.55,1.38,1.18,3,1.1,2.9,1.89,0.04,0.46,0.48
Chris Bosh ,19067500,24.18461236,74,33.2,16.6,0.535,0.284,0.798,1.4,2.7,4.1,13.2,0.4,1.3,1.05,3.38,0.38,1.23,0.57,1.8,2.1,6.8,0.71,0.49,0.67,0.18
Chris Copeland ,3000000,21.51653107,56,15.4,8.7,0.479,0.421,0.759,0.6,1.5,2.1,6.6,0.5,1.5,0.21,0.67,0.29,0.89,0.89,2.8,1.9,5.8,0.54,0.12,0.32,0.15
Chris Duhon ,1500000,20.51653107,46,17.8,2.9,0.382,0.363,0.462,0,0.8,0.8,3.8,0.7,3,0,0,0.33,1.52,0.17,0.8,0.7,3,4,0,2,0.5
Chris Johnson ,916099,19.80514399,8,12.8,3.6,0.44,0.333,0.5,0.6,0.8,1.4,5.2,0.3,0.9,0,0,0.5,1.88,0.38,1.4,0.6,2.4,0.67,0,1.33,0.8
Chris Kaman ,3183000,21.60195573,66,20.7,10.5,0.507,0,0.788,0.7,1.3,2,10.1,0.3,1.4,0.93,4.73,0.23,1.18,0.43,2.2,1.6,8.3,0.62,0.57,0.54,0.14
Chris Paul ,18668431,24.15409734,70,33.4,16.9,0.481,0.328,0.885,1.5,4.2,5.6,13.1,0.8,1.8,0.79,1.83,0.44,1.02,1.56,3.6,2.1,5,0.5,0.37,0.28,0.21
Chris Singleton ,1618680,20.62638637,57,16.2,4.1,0.382,0.194,0.571,0.1,0.1,0.3,1.2,1.3,5.5,0,0,0.43,1.84,0.86,3.7,0.6,2.5,1.5,0,0.5,0.75
Chris Wilcox ,884293,19.75416494,61,13.6,4.2,0.719,0,0.672,0.9,2.3,3.2,9.6,0.6,1.9,0.42,1.25,0.67,1.97,0.79,2.3,2.2,6.4,0.82,0.19,0.84,0.31
Cole Aldrich  ,884293,19.75416494,45,8.6,2.2,0.55,0,0.6,0.5,1.3,1.8,4.6,2,5.1,0.15,0.38,0.83,2.08,0.86,2.2,1.5,3.9,2.33,0.1,0.96,0.54
Corey Brewer,4500000,22.10149357,82,24.4,12.1,0.425,0.296,0.69,0.7,2,2.7,14.9,0.2,1.1,0.51,2.85,0.11,0.62,0.51,2.8,1.3,7.4,0.39,0.38,0.22,0.08
Cory Joseph,1120920,20.09625189,28,13.9,4.5,0.464,0.286,0.857,0.2,0.3,0.5,4.5,0.8,7.4,0,0,0.5,4.47,0,0,0.8,7.4,0,0,0,0.6
Courtney Lee ,5225000,22.31699961,78,24.9,7.8,0.464,0.372,0.861,0.4,1.4,1.9,6.4,1.9,6.6,0.14,0.5,0.54,1.86,0.75,2.6,0.9,3.1,2.52,0.16,0.71,0.6
D.J. Augustin ,1267000,20.27298509,76,16.1,4.7,0.35,0.353,0.838,0.4,2,2.4,4.7,1.8,3.5,0.27,0.52,1.14,2.2,1.08,2.1,1.8,3.4,1.7,0.15,1.06,0.64
Daequan Cook  ,884293,19.75416494,49,9,2.8,0.305,0.286,0.75,0.3,0.9,1.2,3.6,2.2,6.7,0.04,0.12,0.45,1.33,0.9,2.7,0.8,2.5,2.5,0.05,0.5,0.53
Damian Lillard  ,3202920,21.61095633,82,38.6,19,0.429,0.368,0.844,0,1,1,14.4,0.5,7.2,0,0,0,0,0,0,0,0,0,0,0,0
Daniel Orton  ,916099,19.80514399,13,8,2.5,0.462,0,0.529,1,1,2,12,0.3,1.8,0.23,1.39,0.31,1.85,0.31,1.8,1,6,1,0.23,1,0.31
Danilo Gallinari,10146925,23.27453925,71,32.5,16.2,0.418,0.373,0.822,0.9,4.3,5.2,7.6,2.5,3.7,0.51,0.75,0.9,1.33,1.56,2.3,1.8,2.7,1.59,0.28,0.58,0.49
Danny Granger ,14021788,23.74116699,5,14.7,5.4,0.286,0.2,0.625,0.6,1.2,1.8,5.9,0.6,2,0.2,0.65,0.4,1.3,0.8,2.6,1.2,3.9,0.75,0.17,0.5,0.33
Danny Green,3762500,21.84326015,80,27.5,10.5,0.448,0.429,0.848,0.5,2.6,3.1,5.3,1.8,3.1,0.68,1.18,1.15,2.01,1.18,2.1,1.6,2.7,1.5,0.44,0.98,0.74
Dante Cunningham ,2180000,21.0558967,80,25.1,8.7,0.468,0,0.65,1.8,3.3,5.1,9.7,0.8,1.6,0.48,0.91,1.05,2.01,0.7,1.3,1.9,3.7,1.2,0.25,1.5,0.55
Darius Miller  ,788872,19.58943171,52,13.3,2.3,0.407,0.393,1,0.3,0.8,1,34.2,0.3,8.5,0,0,0,0,0,0,0,0,0,0,0,0
Darius Morris ,200000,17.60964047,48,14.2,4,0.388,0.364,0.649,0.5,0.7,1.2,4,1.6,5.3,0.04,0.14,0.44,1.48,0.94,3.2,1.2,4.1,1.69,0.03,0.47,0.36
Darrell Arthur ,3231683,21.62385426,59,16.4,6.1,0.451,0.278,0.717,1.2,1.7,2.9,8.4,0.6,1.6,0.56,1.63,0.41,1.19,0.73,2.1,2.1,6.2,0.77,0.26,0.56,0.19
Darren Collison ,1900000,20.85756799,81,29.3,12,0.471,0.353,0.88,0.4,2.3,2.7,4.4,5.1,8.4,0.1,0.16,1.24,2.02,2.14,3.5,1.7,2.8,2.4,0.06,0.58,0.72
David Lee  ,13878000,23.72629634,79,36.8,18.5,0.519,0,0.797,2.8,8.5,11.2,14.6,3.5,4.6,0.28,0.36,0.85,1.11,2.62,3.4,3.1,4.1,1.35,0.09,0.32,0.27
David West ,12000000,23.51653107,73,33.4,17.1,0.498,0.211,0.768,2,5.7,7.7,11.1,2.9,4.2,0.95,1.36,1.01,1.46,2.15,3.1,2,2.9,1.36,0.46,0.47,0.5
DeAndre Jordan ,10986550,23.38923509,82,24.5,8.8,0.643,0,0.386,2.6,4.7,7.2,14.2,0.3,0.7,1.37,2.68,0.59,1.15,1.22,2.4,2.3,4.6,0.28,0.58,0.48,0.25
DeJuan Blair,884293,19.75416494,61,14,5.4,0.524,0,0.629,1.1,2.7,3.8,13,0.7,2.5,0.16,0.56,0.61,2.09,0.8,2.8,1.8,6.3,0.92,0.09,0.76,0.33
DeMar DeRozan  ,9500000,23.17949608,82,36.7,18.1,0.445,0.283,0.831,0.6,3.3,3.9,5.1,2.5,3.3,0.29,0.38,0.93,1.21,1.84,2.4,2.1,2.8,1.35,0.14,0.5,0.44
DeMarcus Cousins  ,4916974,22.2293393,75,30.5,17.1,0.465,0.182,0.738,3,7,9.9,15.6,2.7,4.2,0.73,1.15,1.44,2.26,3,4.7,3.6,5.6,0.88,0.2,0.48,0.4
DeMarre Carroll ,2557545,21.28632819,66,16.8,6,0.46,0.286,0.765,1.3,1.5,2.8,8.1,0.9,2.6,0.36,1.04,0.88,2.51,0.52,1.5,1.8,5.1,1.79,0.2,1.71,0.49
DeQuan Jones  ,788872,19.58943171,63,12.7,3.7,0.436,0.257,0.667,0.2,1.3,1.5,5.4,0.8,3,0.23,0.83,0.33,1.18,0.44,1.6,1.7,6.2,1.91,0.14,0.74,0.19
Derek Fisher  ,884293,19.75416494,33,17.4,5.3,0.342,0.375,0.921,0.1,1.1,1.1,3.1,1.4,3.9,0.09,0.25,0.58,1.59,0.91,2.5,1.7,4.6,1.57,0.06,0.63,0.35
Deron Williams ,18466130,24.13837821,78,36.4,18.9,0.44,0.378,0.859,0.4,2.6,3,3.9,7.7,10.2,0.39,0.51,0.96,1.27,2.8,3.7,2.5,3.3,2.77,0.16,0.34,0.39
Derrick Favors ,6008196,22.51850045,77,23.2,9.4,0.482,0,0.688,2.4,4.7,7.1,14.7,1,2,1.69,3.49,0.87,1.8,1.68,3.5,3.2,6.6,0.58,0.53,0.52,0.27
Derrick Williams ,5016960,22.258382,78,24.6,12,0.43,0.332,0.706,1.2,4.3,5.5,10.8,0.6,1.2,0.47,0.93,0.56,1.1,1.3,2.5,1.6,3.2,0.46,0.29,0.44,0.35
Devin Harris  ,884293,19.75416494,58,24.5,9.9,0.438,0.335,0.727,0.1,1.9,2,3.9,3.4,6.7,0.22,0.44,1.1,2.16,1.52,3,1.8,3.5,2.24,0.13,0.73,0.62
Diante Garrett  ,788872,19.58943171,19,7.9,2.1,0.327,0.2,0.5,0.3,1.4,1.7,6.3,0.3,1,0.35,1.32,0.3,1.14,0.48,1.8,0.9,3.3,0.53,0.4,0.63,0.35
Dion Waiters  ,3894240,21.89291037,61,28.8,14.7,0.412,0.31,0.746,0.3,0.5,0.8,4.8,1.6,10,0,0,0.53,3.21,0.84,5.1,0.3,1.6,1.94,0,0.63,2
Dirk Nowitzki ,22721381,24.43754719,53,31.3,17.3,0.471,0.414,0.86,0.7,6.2,6.8,10.5,2.5,3.8,0.7,1.07,0.72,1.1,1.32,2,1.8,2.7,1.89,0.4,0.54,0.41
Donatas Motiejunas  ,1422720,20.44022033,44,12.2,5.7,0.455,0.289,0.627,0.4,2.1,2.4,4.1,3,5,0.26,0.44,0.97,1.61,1.98,3.3,1.9,3.1,1.51,0.14,0.49,0.52
Dorell Wright  ,3000000,21.51653107,79,22.6,9.2,0.396,0.374,0.851,0.5,3.3,3.8,8.1,1.9,4,0.44,0.94,0.79,1.67,0.81,1.7,1.2,2.6,2.34,0.36,0.97,0.63
Doron Lamb,788872,19.58943171,47,12.3,3.3,0.368,0.378,0.588,0.8,1.3,2.1,8.3,0.7,2.8,0.23,0.89,0.16,0.63,0.84,3.3,1.7,6.5,0.84,0.14,0.19,0.1
Draymond Green  ,875500,19.73974765,79,13.4,2.9,0.327,0.209,0.818,0.2,0.8,1,3.8,0.7,2.7,0,0,0.28,1.08,0.55,2.2,1.1,4.3,1.23,0,0.5,0.25
Dwight Howard ,20513178,24.29004768,76,35.8,17.1,0.578,0.167,0.492,3.3,9.1,12.4,16.7,1.4,1.9,2.45,3.28,1.11,1.48,2.96,4,3.8,5.1,0.48,0.64,0.37,0.29
Dwyane Wade ,18673000,24.15445039,69,34.6,21.2,0.521,0.258,0.725,1.2,3.7,5,6.9,5.1,7.1,0.81,1.12,1.86,2.57,2.81,3.9,2,2.8,1.81,0.4,0.66,0.91
Earl Barron,884293,19.75416494,12,13.2,3.3,0.353,0,0.429,1.8,3.3,5.1,18.5,0.4,1.5,0.5,1.82,0.42,1.52,0.92,3.3,2,7.3,0.46,0.25,0.46,0.21
Earl Clark ,4250000,22.01903141,59,23.1,7.3,0.44,0.337,0.697,1.4,4.1,5.5,11.4,1.1,2.3,0.75,1.55,0.61,1.27,1.05,2.2,1.7,3.6,1.05,0.43,0.58,0.35
Earl Watson ,884293,19.75416494,48,17.3,2,0.308,0.179,0.68,0.5,1.3,1.8,5,4,11,0.17,0.46,0.83,2.32,1.44,4,2,5.4,2.75,0.09,0.58,0.43
Ed Davis,3153860,21.58868719,81,20.1,7.7,0.539,0,0.617,1.9,3.8,5.7,13.5,0.8,1.9,1.05,2.5,0.47,1.12,0.78,1.9,2.4,5.6,1,0.45,0.6,0.2
Ekpe Udoh,4469548,22.09169751,76,17.3,4.3,0.435,0,0.748,1.5,1.8,3.3,9.2,0.6,1.6,1.12,3.11,0.51,1.43,0.57,1.6,1.8,5.1,1,0.61,0.91,0.28
Elton Brand ,4000000,21.93156857,72,21.2,7.2,0.473,0,0.71,1.8,4.2,6,13.5,1,2.2,1.25,2.83,0.69,1.57,0.79,1.8,2.7,6,1.23,0.47,0.88,0.26
Emeka Okafor ,14487500,23.78830533,79,26,9.7,0.477,0,0.571,2.5,6.2,8.8,16.2,1.2,2.2,0.98,1.8,0.57,1.05,1.35,2.5,1.8,3.4,0.87,0.53,0.42,0.31
Enes Kanter ,4505280,22.10318534,70,15.4,7.2,0.544,1,0.795,1.9,2.4,4.3,13.5,0.4,1.4,0.46,1.43,0.4,1.25,1.44,4.5,1.7,5.2,0.31,0.28,0.28,0.24
Eric Bledsoe ,2626473,21.32469532,76,20.4,8.5,0.445,0.397,0.791,1,1.9,3,7,3.1,7.2,0.72,1.7,1.43,3.37,1.8,4.2,1.5,3.5,1.7,0.49,0.8,0.97
Eric Gordon  ,14283844,23.76788095,42,30.1,17,0.402,0.324,0.842,0.2,1.6,1.8,2.9,3.3,5.2,0.19,0.3,1.07,1.71,2.79,4.4,1.8,2.8,1.17,0.11,0.39,0.6
Eric Maynor,2016000,20.94306421,64,15,4.5,0.377,0.354,0.726,0.1,0.6,0.7,2.3,2.8,9.1,0.02,0.05,0.34,1.1,1.23,3.9,0.9,2.7,2.3,0.02,0.28,0.4
Ersan Ilyasova,7900000,22.91342122,73,27.6,13.2,0.462,0.444,0.796,2.1,5,7.1,12.4,1.6,2.8,0.49,0.86,0.93,1.62,1.03,1.8,2.5,4.4,1.56,0.2,0.91,0.37
E'Twaun Moore  ,884293,19.75416494,75,22.4,7.8,0.396,0.34,0.797,0.6,1.6,2.2,4.8,2.7,5.9,0.31,0.66,0.68,1.46,1.4,3,1.6,3.5,1.96,0.19,0.49,0.42
Evan Fournier,1422720,20.44022033,38,11.3,5.3,0.493,0.407,0.769,0.7,2.6,3.3,11.8,0.7,2.4,0.32,1.13,0.53,1.9,0.65,2.3,2,7.2,1.04,0.16,0.82,0.26
Evan Turner  ,6679867,22.67138795,82,35.3,13.3,0.419,0.365,0.74,0.7,5.6,6.3,8.6,4.3,5.9,0.21,0.28,0.87,1.18,2.28,3.1,2.4,3.3,1.89,0.09,0.38,0.36
Fab Melo ,437080,18.73753784,6,6,1.2,0.5,0,0.25,0.2,0.8,0.9,3.9,1.2,4.9,0.03,0.11,0.5,2.13,0.84,3.6,1.7,7.3,1.38,0.02,0.59,0.29
Festus Ezeli  ,1066920,20.02502057,78,14.4,2.4,0.438,0,0.531,0,0.5,0.5,4,0,0,0.33,2.67,0.33,2.67,0.17,1.3,1.2,9.3,0,0.29,2,0.29
Francisco Garcia,1265977,20.27181976,58,17.7,5.5,0.393,0.374,0.857,0.1,1.4,1.6,4.2,1.1,2.9,0.66,1.77,0.79,2.15,0.55,1.5,1.5,4.1,1.97,0.43,1.44,0.52
Garrett Temple ,884293,19.75416494,51,22.7,5.1,0.407,0.325,0.703,0.6,1.8,2.4,5.1,2.3,4.8,0.33,0.71,0.98,2.08,1.2,2.5,1.8,3.9,1.89,0.18,0.82,0.53
Gary Neal,3250000,21.63200829,68,21.8,9.5,0.412,0.355,0.865,0.2,1.9,2.1,4.6,1.9,4.2,0.03,0.07,0.44,0.97,1.02,2.2,1.4,3,1.87,0.02,0.44,0.32
George Hill ,8000000,22.93156857,76,34.5,14.2,0.443,0.368,0.817,0.6,3.1,3.7,5.2,4.7,6.5,0.34,0.48,1.07,1.48,1.53,2.1,1.8,2.5,3.06,0.19,0.7,0.6
Gerald Green ,3500000,21.73892349,60,18,7,0.366,0.314,0.8,0.5,1.8,2.4,6.3,0.8,2.2,0.38,1.02,0.32,0.84,0.88,2.4,1.1,2.8,0.94,0.36,0.36,0.3
Gerald Henderson ,6000000,22.51653107,68,31.4,15.5,0.447,0.33,0.824,0.8,2.9,3.7,5.6,2.6,4,0.5,0.77,1,1.53,1.59,2.4,2.2,3.4,1.64,0.23,0.63,0.46
Gerald Wallace ,10105855,23.26868805,69,30.1,7.7,0.397,0.282,0.637,1,3.6,4.6,7.4,2.6,4.2,0.67,1.06,1.41,2.24,1.59,2.5,1.7,2.7,1.65,0.39,0.88,0.82
Glen Davis  ,6400000,22.60964047,34,31.3,15.1,0.448,0,0.718,1.6,5.6,7.2,11.1,2.1,3.2,0.62,0.95,0.94,1.44,1.88,2.9,2.6,4,1.09,0.24,0.5,0.36
Goran Dragic  ,7500000,22.83845916,77,33.5,14.7,0.443,0.319,0.748,0.8,2.3,3.1,4.4,7.4,10.6,0.34,0.48,1.61,2.31,2.75,3.9,2.8,4,2.68,0.12,0.59,0.58
Gordon Hayward ,3452183,21.71907751,72,29.2,14.1,0.435,0.415,0.827,0.7,2.4,3.1,5.1,3,4.9,0.53,0.87,0.81,1.32,1.67,2.7,1.7,2.9,1.78,0.3,0.48,0.46
Greg Monroe  ,4086454,21.96241806,81,33.2,16,0.486,0,0.689,2.9,6.7,9.6,13.9,3.5,5,0.68,0.98,1.3,1.88,2.89,4.2,2.3,3.4,1.2,0.29,0.45,0.55
Greg Smith  ,884293,19.75416494,70,15.9,6,0.62,0,0.623,1.6,3,4.6,13.9,0.4,1.1,0.57,1.73,0.26,0.78,0.59,1.8,2.5,7.6,0.61,0.23,0.44,0.1
Greg Stiemsma ,2676000,21.35164669,76,15.9,4,0.457,0,0.768,0.8,2.6,3.4,10.4,0.4,1.2,1.18,3.57,0.58,1.75,0.78,2.3,2.4,7.3,0.51,0.49,0.75,0.24
Greivis Vasquez  ,2150188,21.03603138,78,34.4,13.9,0.433,0.342,0.805,0.6,3.8,4.3,6,9,12.6,0.08,0.11,0.85,1.18,3.17,4.4,2.4,3.4,2.85,0.03,0.27,0.35
Gustavo Ayon,1500000,20.51653107,55,13.4,3.7,0.551,0,0.4,1.1,2.5,3.6,13,1.3,4.6,0.31,1.11,0.4,1.44,0.86,3.1,1.9,7,1.51,0.16,0.47,0.21
Hamed Haddadi,200000,17.60964047,30,10.7,2.8,0.427,0,0.519,1.4,2.3,3.7,16.6,0.4,1.8,0.9,4.03,0.2,0.9,1.03,4.6,2,9,0.39,0.45,0.19,0.1
Harrison Barnes  ,2923920,21.47947241,81,25.4,9.2,0.439,0.359,0.758,1.8,2.2,4,13.4,0.3,0.9,0.95,3.17,0.3,0.99,0.81,2.7,2,6.7,0.35,0.47,0.37,0.15
Hasheem Thabeet  ,1200000,20.19460298,66,11.7,2.4,0.604,0,0.604,1,1.9,3,12.2,0.2,0.7,0.91,3.74,0.46,1.87,0.62,2.6,2.2,9.2,0.27,0.41,0.73,0.2
Hedo Turkoglu  ,12000000,23.51653107,11,17.2,2.9,0.264,0.042,0.5,0.4,2,2.4,6.6,2.1,5.8,0.09,0.25,0.64,1.78,1.09,3.1,1,2.8,1.92,0.09,0.58,0.64
Henry Sims  ,788872,19.58943171,2,2.4,2,0.667,0,0,0.7,3.5,4.1,7.8,1.2,2.3,0.17,0.33,0.64,1.21,1.25,2.4,1.7,3.3,0.97,0.1,0.52,0.37
Ian Mahinmi ,4000000,21.93156857,80,16.5,5,0.453,0,0.608,1.4,2.5,3.9,11.3,0.3,1,0.83,2.4,0.49,1.42,1.15,3.3,2.5,7.3,0.29,0.33,0.42,0.19
Iman Shumpert ,1703760,20.70029069,45,22.1,6.8,0.396,0.402,0.766,0.7,2.3,3,6.6,1.7,3.6,0.16,0.34,0.96,2.07,0.82,1.8,2.2,4.8,2.03,0.07,1.16,0.43
Isaiah Thomas  ,884293,19.75416494,79,26.9,13.9,0.44,0.358,0.882,0.4,1.7,2,3.6,4,7.2,0.04,0.07,0.85,1.52,1.77,3.2,2.1,3.8,2.26,0.02,0.48,0.4
Ish Smith,951463,19.85978803,52,9.9,2.4,0.352,0.296,0.429,0.2,0.9,1.2,5.7,1.7,8.1,0.17,0.84,0.4,1.95,0.71,3.4,0.5,2.4,2.35,0.35,0.57,0.81
J.R. Smith ,5565000,22.40795026,80,33.5,18.1,0.422,0.356,0.762,0.8,4.5,5.3,7.6,2.7,3.9,0.3,0.43,1.25,1.79,1.68,2.4,2.8,4.1,1.63,0.11,0.75,0.44
Jamaal Tinsley ,131718,17.00709299,66,18.5,3.5,0.368,0.307,0.692,0.3,1.5,1.7,4.5,4.4,11.4,0.21,0.55,0.97,2.52,1.61,4.2,1.6,4.2,2.74,0.13,0.6,0.6
Jamal Crawford ,5225000,22.31699961,76,29.3,16.5,0.438,0.376,0.871,0.3,1.4,1.7,2.8,2.5,4.2,0.17,0.28,1.04,1.7,1.92,3.1,0.9,1.5,1.32,0.18,0.54,1.11
Jameer Nelson  ,8600000,23.03590523,56,35.3,14.7,0.392,0.341,0.873,0.4,3.3,3.7,5.1,7.4,10,0.11,0.15,1.27,1.72,2.75,3.7,2.9,3.9,2.68,0.04,0.46,0.44
James Anderson,916099,19.80514399,39,10.3,3.8,0.413,0.35,0.857,0.5,1.4,1.8,8.6,1.1,5,0.13,0.6,0.39,1.79,0.64,3,0.6,3,1.68,0.2,0.6,0.6
James Harden  ,13701250,23.70780418,78,38.3,25.9,0.438,0.368,0.851,0.8,4.1,4.9,6.1,5.8,7.3,0.49,0.61,1.82,2.28,3.78,4.7,2.3,2.9,1.54,0.21,0.48,0.8
James Jones ,1500000,20.51653107,38,5.8,1.6,0.344,0.302,0.5,0,0.6,0.6,4.8,0.3,2.8,0.16,1.31,0.05,0.44,0.08,0.7,0.4,3.5,4.33,0.38,0.67,0.13
Jan Vesely ,3340920,21.67181401,51,11.8,2.5,0.5,0,0.308,0.8,1.5,2.4,9.7,0.5,2.2,0.33,1.36,0.29,1.2,0.53,2.2,2.1,8.5,1.04,0.16,0.56,0.14
Jannero Pargo,884293,19.75416494,32,15.9,6.5,0.368,0.336,0.923,0.3,0.8,1.1,3.3,2.1,6.3,0.09,0.28,0.56,1.7,1.28,3.9,1.3,4,1.63,0.07,0.44,0.43
Jared Cunningham ,1208400,20.20466666,8,3.2,2,0.429,0.667,1,0.4,1.9,2.4,6.6,1.2,3.3,0.22,0.6,0.81,2.24,0.63,1.7,1.6,4.5,1.92,0.13,1.29,0.49
Jared Dudley  ,4250000,22.01903141,79,27.5,10.9,0.468,0.391,0.796,1,2.1,3.1,5.4,2.6,4.5,0.1,0.18,0.95,1.66,1.28,2.2,1.6,2.8,2.01,0.06,0.74,0.59
Jared Jeffries  ,1365720,20.3812303,38,9.2,1.2,0.296,0,0.522,0.7,0.9,1.6,8.2,0.4,1.9,0.16,0.82,0.16,0.82,0.45,2.3,1.5,8,0.82,0.1,0.35,0.1
Jarrett Jack  ,6300000,22.5869204,79,29.7,12.9,0.452,0.404,0.843,0.3,2.8,3.1,5,5.6,9,0.14,0.23,0.76,1.23,1.99,3.2,1.7,2.7,2.8,0.08,0.38,0.45
Jason Collins,884293,19.75416494,38,10.1,1.1,0.31,0,0.719,0.6,1,1.6,7.5,0.2,1,0.26,1.25,0.32,1.5,0.47,2.2,2.2,10.6,0.44,0.12,0.67,0.14
Jason Maxiell  ,2500000,21.25349666,72,24.8,6.9,0.446,0,0.621,1.9,3.8,5.7,11,0.8,1.4,1.32,2.55,0.44,0.86,1.13,2.2,2.4,4.6,0.67,0.55,0.4,0.19
Jason Richardson  ,6204250,22.56482539,33,28.4,10.5,0.402,0.341,0.606,0.6,3.3,3.8,6.5,1.5,2.6,0.46,0.77,1.21,2.05,0.79,1.3,1.7,2.9,1.96,0.26,1.54,0.7
Jason Smith  ,2500000,21.25349666,51,17.2,8.2,0.49,0,0.843,1.3,2.4,3.6,10.2,0.7,1.9,0.88,2.47,0.29,0.82,1.08,3,2.4,6.7,0.62,0.37,0.27,0.12
Jason Terry ,5625313,22.42350194,79,26.9,10.1,0.434,0.372,0.87,0.2,1.8,2,3.6,2.5,4.5,0.14,0.25,0.84,1.49,1.29,2.3,1.4,2.5,1.94,0.1,0.65,0.6
Jason Thompson  ,5643750,22.42822265,82,27.9,10.9,0.502,0,0.694,2.1,4.6,6.7,11.5,1,1.8,0.74,1.28,0.59,1.01,1.23,2.1,2.8,4.8,0.83,0.27,0.48,0.21
JaVale McGee,10750000,23.35783332,79,18.1,9.1,0.575,1,0.591,2,2.8,4.8,12.8,0.3,0.8,1.99,5.26,0.38,1.01,1.14,3,2.3,6.2,0.27,0.85,0.33,0.16
Jeff Adrien ,916099,19.80514399,52,13.7,4,0.429,0,0.65,1.3,2.5,3.8,13.2,0.7,2.4,0.52,1.82,0.35,1.21,0.62,2.2,1.5,5.4,1.13,0.34,0.56,0.23
Jeff Green ,8965000,23.09587215,81,27.8,12.8,0.467,0.385,0.808,0.7,3.2,3.9,6.8,1.6,2.7,0.84,1.45,0.69,1.19,1.63,2.8,2.2,3.7,0.97,0.39,0.42,0.32
Jeff Pendergraph ,1750000,20.73892349,37,10,3.9,0.484,0.5,0.913,0.8,2,2.8,13.5,0.4,2,0.32,1.56,0.16,0.78,0.62,3,1.2,5.7,0.65,0.27,0.26,0.14
Jeff Taylor ,788872,19.58943171,77,19.6,6.1,0.431,0.344,0.728,0.2,0.5,0.7,7.4,0.2,2.5,0.15,1.65,0.08,0.83,0.46,4.9,0.8,8.2,0.5,0.2,0.17,0.1
Jeff Teague  ,8000000,22.93156857,80,32.9,14.6,0.451,0.359,0.881,0.3,1.9,2.3,3.3,7.2,10.6,0.35,0.51,1.46,2.14,2.88,4.2,2.3,3.3,2.52,0.16,0.51,0.65
Jeremy Evans ,1660257,20.66297515,37,5.8,2,0.614,0,0.636,0.7,0.9,1.6,12.9,0.3,2.5,0.35,2.9,0.22,1.79,0.22,1.8,0.8,6.7,1.38,0.43,1,0.27
Jeremy Lamb  ,2111160,21.00960449,23,6.4,3.1,0.353,0.3,1,0.7,1.3,1.9,4.8,0.8,2,0.2,0.48,0.61,1.5,0.62,1.5,1.8,4.3,1.31,0.11,0.98,0.35
Jeremy Lin  ,8374646,22.99759678,82,32.2,13.4,0.441,0.339,0.785,0.4,2.6,3,4.5,6.1,9,0.35,0.53,1.63,2.44,2.88,4.3,2.5,3.7,2.11,0.14,0.57,0.65
Jeremy Tyler  ,100000,16.60964047,21,3.3,1,0.375,0,0.667,0.3,0.7,1,14,0,0.7,0.1,1.4,0.05,0.7,0.29,4.2,0.5,7,0.17,0.2,0.17,0.1
Jermaine O'Neal  ,2000000,20.93156857,55,18.7,8.3,0.482,0,0.835,1.5,3.8,5.3,13.7,0.8,2,1.42,3.64,0.35,0.89,1.33,3.4,2.3,5.9,0.58,0.62,0.26,0.15
Jerry Stackhouse ,884293,19.75416494,37,14.7,4.9,0.384,0.337,0.87,0.1,0.8,0.9,2.9,0.9,3.1,0.11,0.35,0.19,0.62,0.65,2.1,0.8,2.7,1.46,0.13,0.29,0.23
Jerryd Bayless ,3135000,21.58003401,80,22.1,8.7,0.419,0.353,0.836,0.3,1.9,2.2,4.8,3.3,7.2,0.21,0.46,0.74,1.61,1.5,3.3,2.1,4.6,2.2,0.1,0.49,0.35
Jimmer Fredette  ,2439840,21.21835511,69,14,7.2,0.421,0.417,0.859,0.3,0.8,1,3.5,1.3,4.6,0.04,0.15,0.45,1.54,0.99,3.4,0.9,3.2,1.35,0.05,0.46,0.48
Jimmy Butler  ,1112880,20.08586661,82,26,8.6,0.467,0.381,0.803,1.7,2.3,4,7.4,1.4,2.6,0.38,0.7,0.95,1.76,0.76,1.4,1.2,2.2,1.86,0.32,1.26,0.8
JJ Hickson  ,5150000,22.296141,80,29,12.7,0.562,0,0.679,3.3,7,10.4,17.1,1.1,1.8,0.64,1.05,0.6,0.99,1.81,3,2,3.3,0.61,0.32,0.33,0.3
JJ Redick,6300000,22.5869204,78,30.5,14.1,0.434,0.366,0.9,0.2,2,2.2,3.4,3.8,6,0.12,0.18,0.49,0.77,1.77,2.8,1.5,2.4,2.15,0.08,0.28,0.33
Joakim Noah  ,11100000,23.40405634,66,36.8,11.9,0.481,0,0.751,3.9,7.2,11.1,14.5,4,5.2,2.14,2.79,1.18,1.54,2.67,3.5,2.8,3.7,1.49,0.76,0.44,0.42
Jodie Meeks ,1550000,20.56383678,78,21.3,7.9,0.387,0.357,0.896,0.5,1.7,2.2,4.9,0.9,2,0.06,0.14,0.74,1.67,0.67,1.5,1.3,3,1.33,0.05,1.12,0.56
Joe Johnson ,21466718,24.3555983,72,36.7,16.3,0.423,0.375,0.82,0.7,2.3,3,4,3.5,4.6,0.19,0.25,0.68,0.89,1.71,2.2,1.4,1.8,2.06,0.14,0.4,0.5
Joel Anthony ,3800000,21.85756799,62,9.1,1.4,0.515,0,0.607,0.7,1.1,1.9,9.7,0.2,1.1,0.68,3.56,0.21,1.1,0.36,1.9,0.8,4.2,0.59,0.86,0.59,0.27
Joel Freeland  ,2897976,21.46661422,51,9.4,2.6,0.408,0,0.667,0.2,0.6,0.8,5.9,0.2,1.6,0.09,0.66,0.09,0.66,0.26,2,0.6,4.3,0.83,0.15,0.33,0.15
John Henson,1905360,20.86163218,63,13.1,6,0.482,0,0.533,0.8,1.5,2.3,12,0.3,1.3,0.22,1.11,0.26,1.31,0.37,1.9,1.3,6.7,0.68,0.16,0.68,0.19
John Jenkins  ,1258800,20.26361765,61,14.8,6.1,0.446,0.384,0.843,1.8,2.9,4.7,17.2,0.5,1.8,0.67,2.44,0.3,1.1,0.75,2.7,1.3,4.8,0.66,0.51,0.4,0.23
John Lucas III  ,1600000,20.60964047,63,13.1,5.3,0.386,0.377,0.72,0.1,0.9,1,3.8,1.7,6.1,0.02,0.06,0.37,1.34,0.41,1.5,0.8,2.9,4.04,0.02,0.89,0.46
John Salmons  ,7583000,22.85433729,76,30,8.8,0.399,0.371,0.773,0.4,2.3,2.7,4.4,3,4.8,0.33,0.53,0.67,1.07,1.12,1.8,1.9,3,2.66,0.18,0.6,0.36
John Wall ,7459925,22.8307297,49,32.7,18.5,0.441,0.267,0.804,0.7,3.3,4,5.9,7.6,11.2,0.76,1.11,1.33,1.95,3.2,4.7,2.4,3.5,2.38,0.32,0.41,0.56
Jon Leuer,900000,19.77956548,28,6.7,2,0.481,0,0.462,0.5,0.9,1.3,9.5,0.3,2.1,0,0,0.21,1.54,0.29,2.1,0.8,5.4,1,0,0.75,0.29
Jonas Jerebko  ,4500000,22.10149357,49,18.2,7.7,0.449,0.301,0.773,1.4,2.4,3.8,10,0.9,2.3,0.16,0.43,0.78,2.05,0.86,2.3,1.8,4.8,1.02,0.09,0.91,0.42
Jonas Valanciunas  ,3526440,21.74978106,62,23.9,8.9,0.557,0,0.789,0.3,1.3,1.5,5,0.9,3,0.16,0.53,0.2,0.64,0.66,2.1,0.6,2,1.4,0.27,0.3,0.32
Jordan Crawford,2162419,21.04421466,70,24.4,11.6,0.415,0.337,0.811,0.6,2.4,3,5.9,3.2,6.3,0.1,0.2,0.56,1.1,2.01,4,1.5,3,1.6,0.07,0.28,0.37
Jordan Hamilton ,1169880,20.15792912,40,9.9,5.2,0.418,0.37,0.5,0.8,1.6,2.4,11.5,0.6,2.8,0.2,0.97,0.38,1.82,0.48,2.3,0.6,2.9,1.21,0.33,0.79,0.63
Jordan Hill ,3563600,21.76490398,29,15.8,6.7,0.497,0,0.656,2.8,2.9,5.7,17.4,0.4,1.4,0.66,1.99,0.28,0.84,0.9,2.7,1.9,5.8,0.5,0.35,0.31,0.15
Jose Calderon,6791570,22.69531369,73,29.6,11.3,0.491,0.461,0.9,0.3,2.1,2.4,3.9,7.1,11.5,0.11,0.18,0.8,1.29,1.73,2.8,1.4,2.2,4.11,0.08,0.46,0.59
Jose Juan Barea ,4687000,22.16023336,74,23.1,11.3,0.417,0.346,0.784,0.5,2.3,2.8,5.8,4,8.2,0,0,0.43,0.9,1.96,4.1,1.8,3.7,2.03,0,0.22,0.24
Josh Childress ,806267,19.62089815,14,7.2,1,0.286,0.333,0.5,0.4,0.6,1.1,7.2,0.4,2.4,0.14,0.96,0.14,0.96,0,0,0.2,1.4,0,0.67,0,0.67
Josh Harrellson ,884293,19.75416494,6,5.1,1.7,0.444,0.2,0.5,0.5,0.7,1.2,11,0,0,0.17,1.57,0.17,1.57,0.5,4.7,0.7,6.3,0,0.25,0.33,0.25
Josh McRoberts,2652000,21.33864934,67,22.2,6,0.455,0.286,0.765,1.4,3.5,4.9,10.5,2.1,4.6,0.4,0.87,0.48,1.03,0.99,2.1,2,4.2,2.14,0.21,0.49,0.24
Josh Smith  ,13500000,23.68645607,76,35.3,17.5,0.465,0.303,0.517,1.8,6.7,8.4,11.4,4.2,5.7,1.79,2.43,1.24,1.68,2.97,4,2.3,3.1,1.42,0.78,0.42,0.54
Jrue Holiday  ,9213484,23.13531537,78,37.5,17.7,0.431,0.368,0.752,1.1,3.1,4.2,5.4,8,10.3,0.41,0.53,1.58,2.02,3.74,4.8,2.2,2.8,2.14,0.19,0.42,0.72
Julyan Stone ,884293,19.75416494,4,7,1.8,1,0,0.75,0.5,0.3,0.8,5.2,0.5,3.5,0,0,0.25,1.73,0.5,3.5,1,6.9,1,0,0.5,0.25
Juwan Howard ,884293,19.75416494,7,7.2,3,0.526,0,1,0,1.1,1.1,7.6,0.9,5.7,0,0,0,0,0.57,3.8,1.3,8.5,1.5,0,0,0
Kawhi Leonard,1887840,20.84830507,58,31.2,11.9,0.494,0.374,0.825,1.1,4.9,6,9.2,1.6,2.5,0.55,0.85,1.67,2.57,1.07,1.6,1.7,2.6,1.5,0.32,1.57,0.98
Keith Bogans ,5058198,22.27019208,74,19,4.2,0.38,0.343,0.647,0.2,1.4,1.6,4.1,1,2.6,0.05,0.14,0.38,0.96,0.66,1.7,1.5,3.7,1.55,0.04,0.57,0.26
Kemba Walker ,2568360,21.292416,82,34.9,17.7,0.423,0.322,0.798,0.7,2.7,3.5,4.8,5.7,7.9,0.38,0.52,1.95,2.69,2.44,3.4,1.9,2.6,2.36,0.2,0.8,1.05
Kendall Marshall  ,2005560,20.9355737,48,14.6,3,0.371,0.315,0.571,0,1.6,1.6,4.7,1.7,5.1,0.67,2.03,0.33,1.01,1,3,0.8,2.4,1.67,0.86,0.33,0.43
Kendrick Perkins  ,8977437,23.09787219,78,25.1,4.2,0.457,0,0.611,1.4,4.6,6,11.4,1.4,2.7,1.06,2.04,0.55,1.06,1.4,2.7,2.9,5.6,1.02,0.37,0.39,0.19
Kenneth Faried ,1367640,20.38325709,80,28.1,11.5,0.552,0,0.613,3.3,5.9,9.2,15.7,1,1.6,1.04,1.77,1.01,1.73,1.41,2.4,2.9,5,0.68,0.36,0.72,0.35
Kent Bazemore  ,788872,19.58943171,61,4.4,2,0.371,0.294,0.614,0.1,0.8,0.9,2.9,3,9.8,0.08,0.27,0.46,1.5,1.19,3.9,1,3.3,2.51,0.08,0.39,0.46
Kenyon Martin ,884293,19.75416494,18,24,7.2,0.602,0,0.425,1.9,3.4,5.3,10.6,0.4,0.9,0.94,1.89,0.89,1.78,0.89,1.8,3.6,7.1,0.5,0.27,1,0.25
Kevin Durant  ,17832627,24.08801591,81,38.5,28.1,0.51,0.416,0.905,0.6,7.3,7.9,9.9,4.6,5.8,1.3,1.62,1.43,1.79,3.46,4.3,1.8,2.2,1.34,0.73,0.41,0.81
Kevin Garnett ,12443735,23.56891624,68,29.7,14.8,0.496,0.125,0.786,1.1,6.7,7.8,12.6,2.3,3.8,0.91,1.47,1.15,1.85,1.62,2.6,2.3,3.7,1.45,0.4,0.71,0.51
Kevin Love ,14693906,23.80871461,18,34.3,18.3,0.352,0.217,0.704,3.6,10.4,14,19.6,2.3,3.3,0.5,0.7,0.72,1.01,2.17,3,1.9,2.6,1.08,0.27,0.33,0.38
Kevin Martin  ,6500000,22.63200829,77,27.7,14,0.45,0.426,0.89,0.4,1.9,2.3,4,1.4,2.4,0.1,0.18,0.94,1.62,1.31,2.3,1.8,3.1,1.05,0.06,0.71,0.52
Kevin Seraphin ,2761114,21.39681902,79,21.8,9.1,0.461,0,0.693,1.4,3,4.4,9.7,0.7,1.6,0.75,1.65,0.3,0.67,1.65,3.6,2.7,5.9,0.44,0.28,0.19,0.11
Keyon Dooling ,884293,19.75416494,7,11.7,4.4,0.476,0.417,0.857,0,0.1,0.1,0.6,1.1,4.7,0,0,0.14,0.59,0.71,2.9,1.1,4.7,1.6,0,0.2,0.13
Khris Middleton  ,788872,19.58943171,27,17.6,6.1,0.44,0.311,0.844,0,0.2,0.2,3.7,0.1,1.8,0,0,0.06,0.92,0.18,2.7,0.2,3.7,0.67,0,0.33,0.25
Kirk Hinrich  ,4059000,21.95269291,60,29.4,7.7,0.377,0.39,0.714,0.3,2.4,2.6,4.3,5.2,8.5,0.42,0.68,1.05,1.71,1.65,2.7,3.2,5.2,3.17,0.13,0.64,0.33
Klay Thompson  ,2317920,21.14439934,82,35.8,16.6,0.422,0.401,0.841,0.4,3.3,3.7,5,2.2,3,0.55,0.74,1.05,1.41,1.92,2.6,2.9,3.9,1.17,0.19,0.55,0.36
Kobe Bryant ,30453805,24.86011916,78,38.6,27.3,0.463,0.324,0.839,0.8,4.7,5.6,6.9,6,7.5,0.32,0.4,1.36,1.69,3.68,4.6,2.2,2.8,1.63,0.15,0.37,0.61
Kosta Koufos ,3000000,21.51653107,81,22.4,8,0.581,0,0.558,2.6,4.3,6.9,14.8,0.4,0.8,1.27,2.72,0.54,1.16,0.65,1.4,3,6.5,0.6,0.42,0.83,0.18
Kris Humphries ,12000000,23.51653107,65,18.3,5.8,0.448,0,0.789,1.9,3.7,5.6,14.7,0.5,1.3,0.51,1.33,0.25,0.65,0.88,2.3,2,5.1,0.56,0.26,0.28,0.13
Kwame Brown  ,2945901,21.49027752,22,12.2,1.9,0.459,0,0.368,1,2.3,3.4,13.2,0.4,1.6,0.46,1.78,0.27,1.07,0.36,1.4,1.7,6.6,1.13,0.27,0.75,0.16
Kyle Korver  ,6760563,22.68871196,74,30.5,10.9,0.461,0.457,0.859,0.3,3.6,4,6.2,2,3.1,0.5,0.79,0.95,1.49,0.95,1.5,2.3,3.6,2.09,0.22,1,0.41
Kyle Lowry  ,6210000,22.56616184,68,29.7,11.6,0.401,0.362,0.795,0.8,3.9,4.7,7.6,6.4,10.3,0.35,0.57,1.38,2.23,2.31,3.7,3.2,5.2,2.77,0.11,0.6,0.43
Kyle O'Quinn  ,788872,19.58943171,57,11.2,4.1,0.513,0,0.667,0.1,0.6,0.7,6.2,0.1,0.9,0,0,0.3,2.67,0.2,1.8,0.3,2.7,0.5,0,1.5,1
Kyle Singler  ,1045000,19.99507151,82,28,8.8,0.428,0.35,0.806,1.1,2.5,3.7,15.7,0.9,3.9,0.46,1.96,0.19,0.83,0.65,2.8,1.9,8.1,1.41,0.24,0.3,0.1
Kyrie Irving  ,5607240,22.41885939,59,34.7,22.5,0.452,0.391,0.855,0.6,3.1,3.7,5.1,5.9,8.2,0.36,0.49,1.51,2.09,3.24,4.5,2.5,3.4,1.83,0.14,0.47,0.61
LaMarcus Aldridge  ,14878000,23.82667727,74,37.7,21.1,0.484,0.143,0.81,2.4,6.7,9.1,11.5,2.6,3.3,1.23,1.57,0.84,1.07,1.93,2.5,2.5,3.2,1.34,0.49,0.43,0.33
Lance Stephenson ,1005000,19.93876407,78,29.2,8.8,0.46,0.33,0.652,0.6,3.3,3.9,6.4,2.9,4.7,0.21,0.34,1.04,1.71,1.4,2.3,2.1,3.4,2.05,0.1,0.74,0.5
Lance Thomas  ,83228,16.34478135,59,11,2.5,0.5,0,0.729,0.7,1.2,1.9,8.5,0.3,1.3,0.12,0.52,0.19,0.82,0.24,1,1.3,5.8,1.21,0.09,0.79,0.14
Landry Fields  ,6250000,22.57542476,51,20.3,4.7,0.457,0.143,0.642,1.2,2.9,4.1,9.6,1.2,2.8,0.16,0.37,0.63,1.48,0.82,1.9,1.2,2.9,1.43,0.13,0.76,0.51
Larry Sanders,3053368,21.54197005,71,27.3,9.8,0.506,0,0.618,3.2,6.3,9.5,16.6,1.2,2.1,2.83,4.98,0.75,1.31,1.23,2.2,3.3,5.8,0.95,0.86,0.61,0.23
Lavoy Allen  ,3060000,21.54510022,79,21.1,5.8,0.454,0,0.717,2,3,5,11.4,0.9,2.1,0.7,1.58,0.3,0.69,0.7,1.6,2.3,5.2,1.33,0.31,0.44,0.13
Leandro Barbosa ,884293,19.75416494,41,12.5,5.2,0.43,0.383,0.756,0.2,0.9,1.1,4.3,1.4,5.4,0.15,0.56,0.42,1.59,0.51,2,1.2,4.8,2.76,0.12,0.81,0.33
LeBron James ,19067500,24.18461236,76,37.9,26.8,0.565,0.406,0.753,1.3,6.8,8,10.2,7.3,9.2,0.88,1.12,1.7,2.15,2.97,3.8,1.4,1.8,2.44,0.61,0.57,1.17
Lou Amundson,806267,19.62089815,39,9.5,1.9,0.395,0,0.333,1.2,1.5,2.7,13.7,0.3,1.4,0.31,1.55,0.41,2.07,0.49,2.5,1.4,6.8,0.58,0.23,0.84,0.3
Louis Williams  ,5225000,22.31699961,39,28.7,14.1,0.422,0.367,0.868,0.2,1.8,2.1,3.4,3.6,6,0.26,0.43,1.13,1.89,1.9,3.2,1.4,2.4,1.88,0.18,0.6,0.8
Luc Mbah a Moute,4588384,22.1295547,58,22.9,6.7,0.401,0.351,0.571,1.5,2.9,4.4,9.3,0.9,2,0.24,0.51,0.72,1.52,1.21,2.5,1.4,3,0.79,0.17,0.6,0.51
Luis Scola  ,4508504,22.10421737,82,26.6,12.8,0.472,0.188,0.787,1.9,4.7,6.6,11.9,2.2,4,0.43,0.77,0.82,1.47,1.54,2.8,3.1,5.6,1.44,0.14,0.53,0.26
Luke Ridnour ,4320000,22.04259988,82,30.2,11.5,0.453,0.311,0.848,0.5,2,2.5,4,3.8,6,0.18,0.29,1,1.59,1.59,2.5,2.3,3.6,2.39,0.08,0.63,0.44
Luol Deng  ,14275000,23.76698741,75,38.7,16.5,0.426,0.322,0.816,2.2,4.2,6.3,7.9,3,3.7,0.43,0.53,1.08,1.34,1.92,2.4,1.4,1.7,1.54,0.31,0.56,0.77
Maalik Wayns,788872,19.58943171,27,7.5,2.8,0.295,0.226,0.895,0.1,0.6,0.6,8.3,0.2,2.5,0,0,0,0,0,0,0.3,4.1,0,0,0,0
Malcolm Lee ,884293,19.75416494,16,18,4.9,0.382,0.333,0.6,0.9,1.5,2.4,6.5,1.3,3.3,0.38,1,0.75,2,0.63,1.7,1.9,5,2,0.2,1.2,0.4
Manu Ginobili,7500000,22.83845916,60,23.2,11.8,0.425,0.353,0.796,0.5,2.9,3.4,6.9,4.6,9.4,0.22,0.45,1.33,2.76,2.2,4.5,1.9,3.9,2.08,0.11,0.61,0.7
Marc Gasol ,14860523,23.82498156,80,35,14.1,0.494,0.071,0.848,2.3,5.5,7.8,10.7,4,5.5,1.74,2.39,1,1.37,1.96,2.7,3.2,4.4,2.03,0.55,0.51,0.31
Marcin Gortat  ,7727280,22.88152924,61,30.7,11.1,0.521,0,0.652,2.1,6.4,8.5,13.2,1.2,1.9,1.61,2.51,0.66,1.02,1.62,2.5,2.1,3.3,0.76,0.77,0.4,0.32
Marco Belinelli  ,2750000,21.39100019,73,25.8,9.6,0.395,0.357,0.839,0.2,1.7,1.9,3.6,2,3.8,0.08,0.15,0.6,1.12,1.12,2.1,1.9,3.6,1.81,0.04,0.54,0.31
Marcus Camby ,884293,19.75416494,24,10.4,1.8,0.321,0,0.421,1,2.3,3.3,15.3,0.6,2.7,0.58,2.68,0.29,1.34,0.63,2.9,1.2,5.4,0.93,0.5,0.47,0.25
Marcus Morris,1987320,20.92239276,77,19.8,7.7,0.422,0.369,0.564,1,2.6,3.6,8.7,0.8,2,0.26,0.63,0.58,1.42,1,2.4,2.1,5,0.81,0.13,0.58,0.28
Marcus Thornton  ,8050000,22.94055735,72,24,12.7,0.429,0.372,0.881,0.7,1.8,2.5,5,1.3,2.5,0.06,0.11,0.85,1.7,0.94,1.9,1.5,2.9,1.34,0.04,0.9,0.58
Mario Chalmers ,4000000,21.93156857,77,26.9,8.6,0.429,0.409,0.795,0.2,2,2.2,4,3.5,6.3,0.16,0.28,1.53,2.74,1.55,2.8,2.5,4.6,2.29,0.06,0.99,0.6
Markieff Morris  ,2091840,20.99634108,82,22.4,8.2,0.407,0.336,0.732,1.6,3.2,4.8,10.3,1.3,2.8,0.78,1.67,0.94,2.01,1.27,2.7,2.5,5.5,1.04,0.31,0.74,0.37
Marquis Daniels,884293,19.75416494,59,18.4,5.5,0.376,0.278,0.741,0.8,1.7,2.5,6.6,1.1,2.9,0.17,0.44,0.86,2.26,0.76,2,1.3,3.4,1.44,0.13,1.13,0.66
Marquis Teague  ,1074720,20.03552941,48,8.2,2.1,0.381,0.174,0.563,0,0.2,0.3,1.7,1,6.4,0,0,0.22,1.43,0.56,3.6,1,6.2,1.8,0,0.4,0.23
Marreese Speights,3500000,21.73892349,79,16.5,8.3,0.445,0.3,0.771,1.8,3,4.9,14.3,0.6,1.7,0.67,1.96,0.3,0.89,1.01,3,2.2,6.5,0.59,0.3,0.3,0.14
MarShon Brooks ,1210080,20.206671,73,12.5,5.4,0.463,0.273,0.734,0.4,1,1.4,5.5,1,4,0.22,0.84,0.47,1.79,0.95,3.6,1.3,4.9,1.1,0.17,0.49,0.37
Martell Webster ,5150000,22.296141,76,28.9,11.4,0.442,0.422,0.848,0.7,3.2,3.9,6.4,1.9,3.1,0.22,0.37,0.65,1.07,1.18,2,2.2,3.6,1.59,0.1,0.54,0.3
Marvin Williams ,7500000,22.83845916,73,23.7,7.2,0.423,0.325,0.778,0.8,2.8,3.6,7.3,1.1,2.1,0.52,1.06,0.51,1.03,0.82,1.7,1.3,2.7,1.28,0.39,0.62,0.38
Matt Barnes ,3250000,21.63200829,80,25.7,10.3,0.462,0.342,0.744,1.4,3.2,4.6,8.5,1.5,2.9,0.79,1.47,1.03,1.91,1.13,2.1,2.9,5.4,1.37,0.27,0.91,0.35
Matt Bonner,3945000,21.91159387,68,13.4,4.2,0.487,0.442,0.733,0.4,1.5,1.9,6.8,0.5,1.9,0.28,1,0.25,0.9,0.24,0.8,1.3,4.5,2.25,0.22,1.06,0.2
Maurice Harkless  ,1809840,20.78743073,76,26,8.2,0.461,0.274,0.57,0.1,0.9,0.9,5.4,1.3,7.7,0.15,0.86,0.19,1.1,0.73,4.3,1,5.8,1.8,0.15,0.26,0.19
Metta World Peace ,1590000,20.60059533,75,33.7,12.4,0.403,0.342,0.734,1.3,3.6,5,7.1,1.5,2.1,0.56,0.8,1.63,2.32,1.31,1.9,2.6,3.8,1.14,0.21,1.25,0.62
Meyers Leonard  ,2222160,21.08353127,69,17.5,5.5,0.545,0.429,0.809,1.6,2.8,4.4,8.1,0.7,1.2,0.82,1.51,1.16,2.14,0.91,1.7,1.9,3.5,0.73,0.43,1.28,0.61
Michael Beasley  ,884293,19.75416494,75,20.7,10.1,0.405,0.313,0.746,0.7,3.1,3.8,8.7,1.5,3.4,0.45,1.05,0.41,0.96,1.92,4.4,1.4,3.3,0.77,0.32,0.22,0.29
Michael Kidd,4809840,22.19755747,78,26,9,0.458,0.222,0.749,1.2,2.5,3.7,10.1,0.5,1.3,0.55,1.51,0.16,0.44,0.71,2,2.4,6.7,0.67,0.23,0.22,0.07
Mickael Pietrus  ,884293,19.75416494,19,20.3,5.3,0.347,0.313,0.667,0.3,1.6,1.9,4.5,0.5,1.1,0.32,0.75,0.63,1.49,0.84,2,1.7,4.1,0.56,0.18,0.75,0.36
Mike Conley ,8200001,22.96719265,80,34.5,14.6,0.44,0.362,0.83,0.5,2.3,2.8,3.9,6.1,8.5,0.3,0.42,2.18,3.03,2.36,3.3,2.1,3,2.58,0.14,0.92,1.02
Mike Dunleavy,3183000,21.60195573,75,25.9,10.5,0.442,0.428,0.82,0.4,3.5,3.9,7.2,1.9,3.6,0.47,0.87,0.52,0.96,1.2,2.2,1.8,3.3,1.61,0.26,0.43,0.29
Mike James ,884293,19.75416494,45,19.2,6.1,0.373,0.384,0.793,0.2,1.4,1.6,4,3.1,7.7,0.07,0.17,0.58,1.45,1.22,3.1,2.1,5.3,2.53,0.03,0.47,0.27
Mike Miller ,884293,19.75416494,59,15.2,4.8,0.433,0.417,0.727,0.3,2.4,2.7,8.4,1.7,5.3,0.07,0.21,0.36,1.12,0.59,1.9,1.1,3.4,2.83,0.06,0.6,0.33
Mike Scott  ,788872,19.58943171,40,9.4,4.6,0.476,0,0.768,1.7,4.2,5.8,10.8,1.5,2.8,0.9,1.66,0.69,1.28,1.3,2.4,2.1,3.9,1.16,0.43,0.54,0.33
Miles Plumlee ,1121520,20.09702392,14,3.9,0.9,0.238,0,0.75,1,1.8,2.8,14.1,0.3,1.5,0.05,0.26,0.1,0.51,0.53,2.7,0.8,4.1,0.57,0.06,0.19,0.13
Mirza Teletovic ,3229050,21.62267835,53,9.4,3.5,0.384,0.343,0.818,0.9,0.7,1.6,19.2,0.1,1.7,0.21,2.62,0,0,0.21,2.6,0.4,4.4,0.67,0.6,0,0
Mo Williams ,2652000,21.33864934,46,30.8,12.9,0.43,0.383,0.882,0.5,1.9,2.4,3.7,6.2,9.6,0.2,0.31,1,1.56,2.72,4.2,2.3,3.6,2.28,0.09,0.37,0.44
Monta Ellis,8000000,22.93156857,82,37.5,19.2,0.416,0.287,0.773,0.5,3.3,3.9,4.9,6,7.7,0.44,0.56,2.06,2.64,3.1,4,2,2.6,1.95,0.22,0.67,1.03
Nando De Colo,1463000,20.48049834,72,12.8,3.8,0.436,0.378,0.795,0.6,1.2,1.8,9.1,0.4,2.2,0.15,0.77,0.25,1.25,0.38,1.9,1,5.1,1.15,0.15,0.65,0.25
Nate Robinson  ,2016000,20.94306421,82,25.4,13.1,0.433,0.405,0.799,0.4,1.9,2.2,4.2,4.4,8.2,0.12,0.23,1.04,1.96,1.76,3.3,2.5,4.8,2.49,0.05,0.59,0.41
Nazr Mohammed  ,884293,19.75416494,63,11,2.6,0.367,0,0.723,1.2,1.9,3.1,13.5,0.4,1.8,0.51,2.22,0.33,1.46,0.38,1.7,1.5,6.7,1.08,0.33,0.88,0.22
Nene Hilario ,13000000,23.63200829,61,27.2,12.6,0.48,0,0.729,1.7,5,6.7,11.8,2.9,5.1,0.61,1.07,0.9,1.59,2.28,4,2.8,4.9,1.27,0.22,0.4,0.32
Nick Collison  ,2585668,21.30210561,81,19.5,5.1,0.595,0,0.769,1.5,2.6,4.1,10.1,1.5,3.7,0.37,0.91,0.63,1.55,0.85,2.1,2.4,6,1.75,0.15,0.74,0.26
Nick Young  ,1106942,20.0781482,59,23.9,10.6,0.413,0.357,0.82,0.4,1.8,2.2,4.4,1.4,2.9,0.24,0.48,0.61,1.22,0.85,1.7,1.4,2.9,1.68,0.17,0.72,0.43
Nicolas Batum  ,11295250,23.42921287,73,38.4,14.3,0.423,0.372,0.848,1.3,4.3,5.6,7,4.9,6.2,1.14,1.42,1.25,1.56,2.6,3.3,1.9,2.4,1.9,0.6,0.48,0.66
Nikola Pekovic ,12100000,23.52850371,62,31.6,16.3,0.52,0,0.744,3.7,5.1,8.8,13.4,0.9,1.3,0.81,1.23,0.69,1.05,1.63,2.5,2.3,3.5,0.53,0.35,0.43,0.3
Nikola Vucevic  ,1793520,20.7743624,77,33.2,13.1,0.519,0,0.683,3.5,8.4,11.9,17.2,1.9,2.7,1.03,1.48,0.79,1.14,1.83,2.6,2.8,4.1,1.01,0.36,0.43,0.28
Norris Cole ,1129200,20.1068696,80,19.9,5.6,0.421,0.357,0.65,0.2,1.4,1.6,3.9,2.1,5,0.09,0.21,0.71,1.72,1.3,3.1,1.9,4.7,1.58,0.05,0.55,0.37
O.J. Mayo ,8000000,22.93156857,82,35.5,15.3,0.449,0.407,0.82,0.4,3.1,3.5,4.8,4.4,5.9,0.28,0.38,1.13,1.53,2.56,3.5,2.4,3.2,1.72,0.12,0.44,0.48
Omer Asik  ,8374646,22.99759678,82,30.1,10.1,0.541,0,0.562,3.4,8.3,11.7,18.6,0.9,1.5,1.06,1.7,0.56,0.9,2.11,3.4,2.7,4.3,0.43,0.39,0.27,0.21
Omri Casspi  ,947907,19.854386,43,11.7,4,0.394,0.329,0.537,0.5,2.2,2.7,10.9,0.7,2.7,0.28,1.15,0.58,2.39,0.51,2.1,1,4.3,1.27,0.27,1.14,0.56
Orlando Johnson ,788872,19.58943171,51,12.1,4,0.4,0.383,0.719,0.3,1.6,1.9,7.2,1.9,7.2,0.08,0.31,0.57,2.14,1.13,4.2,1.2,4.5,1.7,0.07,0.51,0.47
Pablo Prigioni ,1591350,20.60181974,78,16.2,3.5,0.455,0.396,0.88,0.4,1.8,2.2,8.5,0.9,3.6,0.18,0.7,0.22,0.85,0.57,2.3,1,4,1.62,0.18,0.38,0.22
Patrick Beverley  ,788872,19.58943171,41,17.4,5.6,0.418,0.375,0.829,0.5,1.3,1.8,5.4,3,9,0.03,0.08,0.89,2.62,1.1,3.3,1.6,4.8,2.74,0.02,0.8,0.54
Patrick Patterson  ,3105302,21.56630215,71,25,10.4,0.512,0.386,0.762,1.6,3.2,4.7,9.1,1.1,2.2,0.56,1.08,0.44,0.84,0.86,1.7,1.9,3.7,1.33,0.29,0.51,0.23
Patty Mills,1133950,20.1129256,58,11.3,5.1,0.469,0.4,0.842,0.2,0.7,0.9,3.7,1.1,4.5,0.07,0.29,0.45,1.9,0.67,2.9,0.9,4,1.59,0.07,0.67,0.47
Pau Gasol ,19285850,24.2010394,49,33.8,13.7,0.466,0.286,0.702,2.3,6.3,8.6,12.2,4.1,5.8,1.25,1.77,0.49,0.7,2.12,3,1.9,2.7,1.92,0.66,0.23,0.26
Paul George ,3282003,21.64614513,79,37.6,17.4,0.419,0.362,0.807,1.1,6.5,7.6,9.7,4.1,5.3,0.65,0.82,1.81,2.31,2.95,3.8,2.9,3.7,1.4,0.23,0.61,0.63
Paul Millsap ,9500000,23.17949608,78,30.4,14.6,0.49,0.333,0.742,2.3,4.8,7.1,11.2,2.6,4.1,1.03,1.62,1.31,2.06,1.77,2.8,3,4.7,1.46,0.35,0.74,0.44
Paul Pierce ,15333334,23.87016809,77,33.4,18.6,0.436,0.38,0.787,0.6,5.7,6.3,9.1,4.8,6.9,0.39,0.56,1.09,1.57,2.78,4,2.7,3.9,1.73,0.14,0.39,0.4
Perry Jones  ,1082520,20.04596225,38,7.4,2.3,0.394,0,0.667,1.1,1.6,2.7,7.3,2.9,7.9,0.51,1.42,0.9,2.49,1.07,3,2,5.6,2.66,0.25,0.84,0.45
Quincy Acy  ,788872,19.58943171,29,11.8,4,0.56,0.5,0.816,0.3,1.3,1.6,10.6,0.3,1.7,0.16,1.03,0.13,0.86,0.4,2.6,0.6,3.9,0.67,0.26,0.33,0.22
Quincy Miller,788872,19.58943171,7,3.7,1.3,0.333,0,0.5,1,1.6,2.7,10.8,0.4,1.5,0.52,2.1,0.45,1.82,0.59,2.4,1.8,7.4,0.65,0.28,0.77,0.25
Quincy Pondexter ,2225479,21.08568446,59,21.1,6.4,0.428,0.395,0.787,0.7,1.5,2.2,5.1,1,2.4,0.1,0.23,0.59,1.35,0.71,1.6,1.6,3.7,1.45,0.06,0.83,0.37
Rajon Rondo ,11954545,23.51105589,38,37.4,13.7,0.484,0.24,0.645,1.1,4.4,5.6,7.2,11.1,14.2,0.24,0.3,1.84,2.36,3.9,5,2.5,3.2,2.84,0.09,0.47,0.73
Ramon Sessions ,5000000,22.25349666,61,27.1,14.4,0.408,0.308,0.839,0.4,2.3,2.8,4.9,3.8,6.7,0.12,0.2,0.79,1.4,1.71,3,1.5,2.6,2.21,0.08,0.46,0.53
Randy Foye ,3000000,21.51653107,82,27.4,10.8,0.397,0.41,0.819,0.2,1.3,1.5,2.7,2,3.6,0.33,0.58,0.81,1.41,1.12,2,2.3,4.1,1.82,0.14,0.72,0.35
Rashard Lewis ,1399507,20.41648727,55,14.4,5.2,0.414,0.389,0.622,0.3,1.9,2.2,7.3,0.5,1.8,0.26,0.85,0.38,1.27,0.6,2,1.2,4.1,0.91,0.21,0.64,0.31
Ray Allen ,3229050,21.62267835,79,25.8,10.9,0.449,0.419,0.886,0.5,2.2,2.7,5.1,1.7,3.2,0.19,0.35,0.85,1.58,1.3,2.4,1.6,3,1.31,0.12,0.65,0.52
Raymond Felton ,3637073,21.79434645,68,34,13.9,0.427,0.36,0.789,0.8,2.1,2.9,4,5.5,7.7,0.21,0.29,1.38,1.95,2.28,3.2,1.9,2.7,2.4,0.11,0.61,0.72
Reggie Evans ,1695635,20.69339422,80,24.6,4.5,0.479,0,0.509,3.3,7.9,11.1,21.7,0.5,1,0.16,0.32,0.93,1.81,1.39,2.7,2.5,4.9,0.39,0.07,0.67,0.37
Reggie Jackson  ,1260360,20.26540444,70,14.2,5.3,0.458,0.231,0.839,0.3,2.1,2.4,8,1.7,5.9,0.19,0.63,0.41,1.4,0.76,2.6,1.2,4.1,2.3,0.16,0.55,0.35
Reggie Williams ,473954,18.85438752,40,9.5,3.7,0.432,0.306,0.476,0.2,1.1,1.3,6.4,1,4.9,0.03,0.13,0.3,1.52,0.48,2.4,0.5,2.4,2.05,0.05,0.63,0.63
Richard Hamilton  ,1000000,19.93156857,50,21.8,9.8,0.429,0.308,0.857,0.3,1.3,1.7,3.7,2.4,5.3,0.1,0.22,0.48,1.06,1.68,3.7,1.9,4.1,1.42,0.05,0.29,0.26
Richard Jefferson  ,11046000,23.3970207,56,10.2,3.1,0.456,0.311,0.717,0.1,1.4,1.5,7.1,0.6,2.6,0.13,0.59,0.25,1.18,0.41,1.9,0.8,3.8,1.35,0.16,0.61,0.31
Ricky Rubio ,4002120,21.932333,57,29.7,10.7,0.36,0.293,0.799,0.8,3.2,4,6.5,7.3,11.9,0.09,0.14,2.4,3.89,3.02,4.9,2.5,4.1,2.43,0.04,0.8,0.96
Robert Sacre ,788872,19.58943171,32,6.4,1.3,0.375,0,0.636,0.1,0.1,0.3,3.7,0.4,5.6,0,0,0.14,1.87,0.14,1.9,0.4,5.6,3,0,1,0.33
Robin Lopez  ,5904261,22.49332507,82,26,11.3,0.534,0,0.778,2.8,2.9,5.6,10.4,0.8,1.4,1.56,2.88,0.39,0.72,1.34,2.5,2,3.8,0.58,0.77,0.29,0.19
Rodney Stuckey  ,8500000,23.01903141,76,28.6,11.5,0.406,0.302,0.783,0.6,2.2,2.8,4.7,3.6,6,0.22,0.38,0.67,1.13,1.76,3,1.7,2.8,2.02,0.13,0.38,0.4
Roger Mason Jr.  ,884293,19.75416494,69,17.7,5.3,0.433,0.415,0.907,0.2,1.8,1.9,5.2,1.1,2.9,0.16,0.43,0.38,1.02,0.74,2,1.5,4.1,1.45,0.11,0.51,0.25
Ronnie Brewer,1186459,20.17823082,60,14.2,3,0.354,0.303,0.41,0.7,1.6,2.3,7.9,0.8,2.8,0.1,0.34,0.72,2.42,0.3,1,0.6,1.9,2.78,0.18,2.39,1.3
Ronnie Price  ,1265977,20.27181976,39,13.1,2.7,0.325,0.256,0.708,0.3,0.8,1.1,4.1,1.9,6.9,0.08,0.28,0.67,2.45,0.87,3.2,1.6,5.7,2.15,0.05,0.77,0.43
Ronny Turiaf ,1500000,20.51653107,65,10.8,1.9,0.505,0,0.365,0.7,1.6,2.3,10.4,0.5,2.4,0.54,2.4,0.29,1.3,0.45,2,1.2,5.5,1.21,0.44,0.66,0.24
Roy Hibbert ,14283844,23.76788095,79,28.7,11.9,0.448,0.25,0.741,3.7,4.6,8.3,13.9,1.4,2.4,2.61,4.36,0.49,0.83,2.05,3.4,3.5,5.9,0.7,0.74,0.24,0.14
Rudy Gay,17888931,24.09256384,75,35.8,18.2,0.416,0.323,0.814,1.3,4.8,6.1,8.2,2.7,3.6,0.71,0.95,1.51,2.02,2.64,3.5,2.4,3.3,1.02,0.29,0.57,0.62
Russell Westbrook  ,14693906,23.80871461,82,34.9,23.2,0.438,0.323,0.8,1.4,3.9,5.2,7.2,7.4,10.2,0.29,0.4,1.77,2.43,3.33,4.6,2.3,3.2,2.22,0.13,0.53,0.77
Ryan Anderson  ,8308500,22.98615661,81,30.9,16.2,0.423,0.382,0.844,2.4,4,6.4,10,1.2,1.9,0.38,0.6,0.52,0.81,1.2,1.9,2.2,3.4,1,0.17,0.43,0.24
Ryan Hollins ,884293,19.75416494,60,11.1,3.4,0.614,0,0.75,0.8,1.5,2.3,10.1,0.2,0.8,0.57,2.46,0.1,0.43,0.73,3.2,2.2,9.6,0.25,0.26,0.14,0.05
Samuel Dalembert,3700748,21.81938547,47,16.3,6.7,0.542,1,0.691,2.2,3.6,5.9,17.3,0.4,1.3,1.13,3.33,0.36,1.07,1.09,3.2,1.9,5.7,0.41,0.59,0.33,0.19
Sebastian Telfair,2037750,20.95854564,59,16.6,5.6,0.362,0.353,0.783,0.2,1.2,1.4,4.1,2.6,7.5,0.19,0.54,0.63,1.81,1.09,3.1,1.8,5.1,2.39,0.11,0.58,0.36
Serge Ibaka  ,12350000,23.55800771,80,31.1,13.2,0.573,0.351,0.749,2.8,4.9,7.7,11.9,0.5,0.8,3.03,4.67,0.35,0.54,1.56,2.4,2.7,4.1,0.34,1.14,0.22,0.13
Shane Battier ,3270000,21.64085921,72,24.8,6.6,0.42,0.43,0.842,0.5,1.8,2.3,4.4,1,1.9,0.76,1.48,0.57,1.1,0.47,0.9,2.1,4,2.12,0.37,1.21,0.28
Shannon Brown  ,3500000,21.73892349,59,23.8,10.5,0.42,0.277,0.784,0.7,1.8,2.5,5.1,1.8,3.7,0.25,0.51,1,2.02,1.25,2.5,1.6,3.2,1.46,0.16,0.8,0.64
Shaun Livingston,884293,19.75416494,66,22,6.3,0.48,0,0.867,0.5,1.9,2.4,5.2,3.3,7.1,0.47,1.02,0.73,1.58,1.15,2.5,1.9,4.2,2.83,0.24,0.63,0.38
Shawn Marion ,9316796,23.15140247,67,30,12.1,0.514,0.315,0.782,2.2,5.7,7.8,12.5,2.4,3.9,0.7,1.12,1.12,1.79,1.54,2.5,1.7,2.7,1.58,0.42,0.73,0.68
Shelvin Mack,884293,19.75416494,31,13.4,4.6,0.46,0.367,0.563,0.1,1.2,1.3,4.6,2.2,7.8,0,0,0.48,1.73,1.1,3.9,1.3,4.5,2,0,0.44,0.39
Solomon Jones ,884293,19.75416494,2,13,0,0,0,0,0.5,1,1.5,5.5,0,0,0.5,1.84,0,0,1.5,5.5,1.5,5.5,0,0.33,0,0
Spencer Hawes  ,6500000,22.63200829,82,27.2,11,0.464,0.356,0.777,2.1,5.1,7.2,12.7,2.2,3.9,1.38,2.43,0.29,0.52,1.6,2.8,2.8,5,1.4,0.49,0.18,0.1
Stephen Curry  ,9887642,23.23719508,78,38.2,22.9,0.451,0.453,0.9,0.8,3.3,4,5.1,6.9,8.7,0.15,0.19,1.62,2.03,3.08,3.9,2.5,3.2,2.25,0.06,0.53,0.64
Steve Blake ,4000000,21.93156857,45,26.1,7.3,0.422,0.421,0.771,0.5,2.5,2.9,5.4,3.8,7.1,0.13,0.25,0.76,1.39,1.38,2.5,1.8,3.4,2.79,0.07,0.55,0.41
Steve Nash ,9300500,23.14887685,50,32.5,12.7,0.497,0.438,0.922,0.5,2.3,2.8,4.2,6.7,9.8,0.1,0.15,0.6,0.89,2.52,3.7,1.4,2.1,2.64,0.07,0.24,0.43
Steve Novak ,3750000,21.83845916,81,20.3,6.6,0.414,0.425,0.909,0.2,1.7,1.9,4.4,0.4,1,0.1,0.23,0.35,0.82,0.15,0.4,1.2,2.8,2.92,0.08,2.33,0.29
Taj Gibson  ,7550000,22.84804521,65,22.5,8,0.485,0,0.679,1.9,3.4,5.3,11.3,0.9,2,1.39,2.96,0.42,0.89,1.17,2.5,2.6,5.5,0.8,0.54,0.36,0.16
Tayshaun Prince,7235955,22.78675201,82,32.1,10.4,0.438,0.404,0.738,0.9,3.6,4.4,6.6,2.4,3.6,0.31,0.46,0.59,0.88,1.09,1.6,1,1.6,2.2,0.29,0.54,0.56
Terrence Jones  ,1551840,20.56554839,19,14.5,5.5,0.457,0.263,0.765,0,0.2,0.2,2.3,1,13.6,0,0,0.33,4.52,1.33,18.1,0,0,0.75,0,0.25,0
Terrence Ross  ,2678640,21.35306927,73,17,6.4,0.407,0.332,0.714,1.5,1.9,3.4,11.3,0.8,2.6,1,3.31,0.63,2.09,0.68,2.3,1.1,3.7,1.15,0.91,0.92,0.57
Thabo Sefolosha  ,3900000,21.89504269,81,27.5,7.6,0.481,0.419,0.826,0.7,3.2,3.9,6.8,1.5,2.7,0.54,0.95,1.27,2.22,0.79,1.4,2.2,3.8,1.95,0.25,1.61,0.58
Thaddeus Young  ,8850000,23.07724602,76,34.6,14.8,0.531,0.125,0.574,2.4,5.1,7.5,10.4,1.6,2.3,0.72,1,1.75,2.43,1.18,1.6,2.5,3.5,1.39,0.29,1.48,0.7
Thomas Robinson,3526440,21.74978106,70,15.1,4.8,0.43,0,0.523,0.5,1.5,2,5.6,0.7,2.1,0.19,0.54,0.59,1.67,0.66,1.9,1.7,4.7,1.1,0.12,0.9,0.35
Tiago Splitter,10000000,23.25349666,81,24.7,10.3,0.56,0,0.73,1.8,4.6,6.4,12.4,1.6,3.1,0.79,1.54,0.78,1.51,1.24,2.4,2,3.9,1.3,0.4,0.63,0.39
Tim Duncan,10361446,23.30472202,69,30.1,17.8,0.502,0.286,0.817,1.8,8.1,9.9,15.8,2.7,4.3,2.65,4.23,0.73,1.16,2.13,3.4,1.7,2.7,1.25,1.56,0.34,0.43
Tim Ohlbrecht  ,788872,19.58943171,3,3.9,1,0.333,0,1,1.7,2.8,4.5,14.3,0.7,2.1,0.37,1.18,0.59,1.86,1.26,4,1.8,5.6,0.52,0.21,0.47,0.33
Timofey Mozgov,4400000,22.06907209,41,8.9,2.6,0.506,0,0.769,1.2,1.4,2.6,14,0.2,1.2,0.44,2.36,0.15,0.79,0.61,3.3,1.4,7.5,0.36,0.32,0.24,0.11
Tobias Harris,1545840,20.55995957,55,23.6,11,0.455,0.315,0.752,1.3,3.9,5.2,10.6,1.3,2.6,0.8,1.63,0.58,1.18,1.2,2.4,2.2,4.4,1.05,0.37,0.49,0.27
Toney Douglas  ,1600000,20.60964047,71,18.1,7.5,0.403,0.38,0.905,0.5,1.5,1.9,5.1,2.1,5.6,0.04,0.11,1,2.65,1.14,3,2,5.4,1.86,0.02,0.88,0.49
Tony Allen ,4494382,22.09969132,79,26.7,8.9,0.445,0.125,0.717,1.5,3.1,4.6,8.3,1.2,2.2,0.56,1,1.51,2.71,1.19,2.1,2.7,4.8,1.04,0.21,1.27,0.56
Tony Parker,12500000,23.57542476,66,32.9,20.3,0.522,0.353,0.845,0.3,2.7,3,4.4,7.6,11,0.09,0.13,0.82,1.19,2.58,3.8,1.4,2,2.94,0.07,0.32,0.59
Tony Wroten ,1160040,20.14574312,35,7.8,2.6,0.384,0.25,0.724,0,0.3,0.3,4.1,0.3,4.1,0,0,0.33,4.09,1.33,16.4,0.3,4.1,0.25,0,0.25,1
Tornike Shengelia ,788872,19.58943171,19,4.9,1.6,0.435,0.5,0.563,0.4,0.4,0.8,4.9,1.2,7.6,0.11,0.71,0.23,1.41,0.83,5.1,1,6,1.48,0.12,0.28,0.24
Travis Outlaw  ,3000000,21.51653107,38,11.7,5.3,0.418,0.28,0.731,0.4,1.2,1.6,6.6,0.6,2.3,0.21,0.87,0.29,1.19,0.5,2.1,0.9,3.8,1.11,0.23,0.58,0.31
Trevor Ariza ,7727280,22.88152924,56,26.3,9.5,0.417,0.364,0.821,0.8,4,4.8,8.7,2,3.7,0.36,0.65,1.29,2.35,1.5,2.7,1.3,2.4,1.35,0.28,0.86,1
Trevor Booker ,2350820,21.16473265,48,18.5,5.3,0.491,0,0.556,2,2.9,5,12.9,0.8,2.2,0.33,0.87,0.67,1.73,0.65,1.7,2,5.1,1.29,0.17,1.03,0.34
Tristan Thompson  ,4062000,21.95375881,82,31.3,11.7,0.488,0,0.608,3.7,5.7,9.4,14.5,1.3,2,0.87,1.33,0.73,1.12,1.5,2.3,2.9,4.4,0.88,0.3,0.49,0.26
Ty Lawson,10786517,23.36272575,73,34.4,16.7,0.461,0.366,0.756,0.5,2.2,2.7,3.8,6.9,9.6,0.11,0.15,1.47,2.04,2.49,3.5,1.8,2.6,2.75,0.06,0.59,0.79
Tyler Hansbrough ,3183000,21.60195573,81,16.9,7,0.432,0,0.72,2,2.6,4.6,13.1,0.4,1.3,0.22,0.63,0.36,1.02,0.96,2.7,1.9,5.3,0.46,0.12,0.37,0.19
Tyler Honeycutt  ,100000,16.60964047,9,3.5,0.9,0.273,0,1,0.3,0.8,1.1,15.2,0.2,3,0.11,1.52,0,0,0.56,7.6,0.2,3,0.4,0.5,0,0
Tyler Zeller  ,1633440,20.63948203,77,26.4,7.9,0.438,0,0.764,0.5,0.7,1.2,11.9,0.2,1.6,0.05,0.52,0.16,1.55,0.58,5.7,0.6,5.7,0.27,0.09,0.27,0.27
Tyreke Evans  ,10300000,23.296141,65,31,15.2,0.478,0.338,0.775,0.9,3.6,4.4,6.8,3.5,5.5,0.42,0.64,1.39,2.14,1.97,3,2,3.2,1.79,0.2,0.7,0.68
Tyshawn Taylor ,788872,19.58943171,38,5.8,2.2,0.368,0.462,0.556,2.1,3.6,5.7,10.3,1.2,2.3,0.91,1.65,0.46,0.83,1.23,2.2,3.3,5.9,1.01,0.28,0.37,0.14
Tyson Chandler ,14100538,23.74924687,66,32.8,10.4,0.637,0,0.694,4.1,6.6,10.7,15.6,0.9,1.4,1.14,1.66,0.64,0.93,1.32,1.9,2.8,4.2,0.71,0.4,0.48,0.22
Udonis Haslem ,4340000,22.04926361,75,18.9,3.9,0.514,0,0.711,1.3,4.1,5.4,13.7,0.5,1.3,0.2,0.51,0.4,1.02,0.6,1.5,2.3,5.9,0.84,0.09,0.67,0.17
Viacheslav Kravtsov  ,1500000,20.51653107,25,8.9,3.1,0.717,0,0.297,0.1,0.4,0.5,3.9,0.6,4.6,0,0,0.34,2.83,0.66,5.4,0.7,5.4,0.84,0,0.52,0.52
Victor Claver  ,1330000,20.34299482,49,16.6,3.8,0.392,0.287,0.467,1,0.8,1.8,9.7,0.4,1.9,0.36,1.93,0.2,1.07,0.56,3,1.3,6.9,0.64,0.28,0.36,0.16
Vince Carter ,3180000,21.60059533,81,25.8,13.4,0.435,0.406,0.816,0.7,3.4,4.1,7.7,2.4,4.5,0.54,1.01,0.91,1.7,1.31,2.4,2.8,5.2,1.83,0.2,0.7,0.33
Vladimir Radmanovic  ,884293,19.75416494,25,5.7,1.3,0.302,0.185,0.667,0.4,0.7,1.1,9.4,0.3,2.7,0.16,1.34,0.32,2.67,0.28,2.3,1.2,9.7,1.14,0.14,1.14,0.28
Wayne Ellington,2652000,21.33864934,78,21.3,7.9,0.427,0.392,0.907,0.3,1.8,2.1,4.8,1.3,3,0.04,0.09,0.58,1.3,0.73,1.6,1,2.3,1.83,0.04,0.79,0.56
Wesley Johnson  ,884293,19.75416494,50,19.1,8,0.407,0.323,0.771,0.4,2,2.5,6.2,0.7,1.7,0.36,0.91,0.44,1.11,0.96,2.4,1.1,2.8,0.71,0.32,0.46,0.39
Wesley Matthews  ,6875480,22.71302901,69,34.8,14.8,0.436,0.398,0.797,0.5,2.3,2.8,3.8,2.5,3.5,0.26,0.36,1.3,1.8,1.58,2.2,2.5,3.4,1.6,0.11,0.83,0.52
Will Barton  ,788872,19.58943171,73,12.2,4,0.382,0.138,0.769,0.6,1.8,2.4,7,0.9,2.5,0.25,0.71,0.53,1.54,0.88,2.5,1.5,4.4,1,0.16,0.61,0.35
Will Bynum  ,2790343,21.41201104,65,18.8,9.8,0.469,0.316,0.809,0.4,1.1,1.5,3.8,3.6,9.1,0.08,0.2,0.69,1.77,1.92,4.9,2,5,1.85,0.04,0.36,0.35
Willie Green ,1399507,20.41648727,72,16.5,6.3,0.461,0.428,0.719,0.2,1.1,1.3,3.9,0.8,2.2,0.17,0.49,0.4,1.17,0.43,1.3,1.3,3.9,1.77,0.13,0.94,0.3
Wilson Chandler,6344164,22.59699864,43,25.1,13,0.462,0.413,0.793,1,4,5.1,9.7,1.3,2.6,0.28,0.53,1.05,2,1.4,2.7,2.8,5.3,0.97,0.1,0.75,0.38
Xavier Henry  ,884293,19.75416494,50,12.5,3.9,0.41,0.364,0.63,0.4,1.4,1.8,6.9,0.3,1,0.1,0.38,0.32,1.23,0.62,2.4,1.4,5.5,0.42,0.07,0.52,0.22
Zach Randolph ,17800000,24.08537391,76,34.3,15.4,0.46,0.087,0.75,4.1,7.2,11.2,15.7,1.4,2,0.41,0.57,0.8,1.12,1.97,2.8,2.4,3.3,0.72,0.17,0.41,0.34
Zaza Pachulia  ,5200000,22.31008019,52,21.8,5.9,0.473,0,0.757,2.5,3.9,6.5,14.2,1.5,3.3,0.23,0.51,0.67,1.48,1.35,3,2.5,5.4,1.13,0.09,0.5,0.27
